restaurant_id,yelp_id_0,yelp_id_1,yelp_id_2,yelp_id_3
Y1Em4GOw,5Kdf1DGbRScRk6Cx3jaX8w,,,
KAoKP6Og,Urw6NASrebP6tyFdjwjkwQ,,,
WeEe7eoa,xlOE7jqbW1Q_PrvLBVlegQ,,,
V430mqoB,ktYpqtygWIJ2RjVPGTxNaA,,,
ekE4Qz32,n8CsQy7Iy1IMhP85hPVKPA,,,
Pk3wQ9Od,k_NyuJ67p9_D_7iIzsbJUw,,,
V430a7oB,O7Wgpxd8iGLKMmnhdbtJuw,,,
xWoYpd3K,nUbPzfRH5-d01dSWRv4UZQ,,,
WwOa4YoB,J4J7LOfq0AwXqrO7PgSFHQ,,,
KAoK283g,edbAEdBrOMTSXsutqzCWTg,,,
8gOq4Mo2,oIa4_X3nV50wwNtSXE93_Q,,,
v5oJmd3B,H5IIFzGlOuf50sPrDXMtpQ,,,
geEV0Zoz,vlvkX0bT-X1wjrtJJHlGlw,,,
B1oXV6EV,lJr7n1vZ_NPPZv-cCzHmuA,,,
WwOaDBoB,HHuaSxExxef3BknhNytPng,,,
Pk3wN9Ed,mK9yllwCMcZ0PG8d48QvEw,,,
dj3d9Ao9,xhyDdXLUg9LYtXjsMUo7Qw,,,
8x3zq2Ek,RB9i28_OHxH_9njgIgN5ZQ,,,
eVOBgpEj,WkfRFMB2tZbFxf1nsn1Tuw,,,
qN3gDBoA,Kw3GA_gz5cPRUwA-oGirGQ,,,
WeEewoab,IkEtseYqecfJzF-CYwRIww,,,
v5oJ6doB,1z7q3pYA5RADkJY2JXQ9Lw,,,
1JEb0MoR,FNSeHhZUjxvq66Ad0U7X2Q,,,
NbE1QmEJ,huz6Vzr43jyceUMqFJqBjg,,,
njoZZBor,LdzAlJnB4fslwVQ3F40Z1w,,,
B1oXNlEV,w7AJuBjjxe4Obb1AbHvj9Q,,,
8x3zXLOk,UmgcEKYWgSN0R8BdvLOcDQ,,,
6VOpkmoL,WcCeU3jeHsmeCVmnhtOa7A,,,
p038M4om,HhCe6sCH4aM2Ms3v-rCedg,,,
JBEyrV38,eUW_2YVPzZh51d5L1z99Qg,,,
V430q1oB,tKtVx2iUR_YyJwUzODNNzA,,,
ZBEndKoY,5uXoDqGdwMtdgGnDG2fVnw,,,
Y1Emrl3w,CivIfhVTX4hOpM_PvitK1g,,,
NbE1rN3J,MN4JY0S23kL92yq3Icbc7w,,,
lnORZeON,Oky7Ont6K2fLWQqdZJTv2A,,,
8x3z8bOk,4szp0oAXNzQcUSzoUYPbag,,,
we39lDEk,N1I62n251RGzw1yGO_AKuQ,,,
6K3laKoz,9d5DyAi5-gzNzIp4WBlAfw,,,
8gOqZeE2,-g-DBG41EKzmmWL4zYYLCg,,,
v5oJVroB,nCGr8lh1FlqzXjtVjUbiNg,,,
9JoPmqO8,8v85BnGbBjX6O8r4PZ5yGA,,,
m0oW92EG,60VAJCm0HaNKK1lMzmxGtg,,,
0j3L6NOr,rSRzW-13jXLXyugO06aqfw,,,
VpoGgdor,8g_wzgZwZcQs7TOXTFp2yg,,,
B1oXQmOV,ei9SSSKqwsktRAVe02N7XQ,,,
6K3lZqOz,M4qCjI8_jAUI2wQ2Jx05lQ,,,
xWoYgdEK,vp_aMkBmYbkA--cQ4vlMGg,,,
8x3z5bEk,UMAoibULP4HxAlUObUJgVA,,,
p038gXEm,lle4lSxbACtI-Dfxoqz4zQ,,,
JBEyvm38,9W9_KgjsJlnf8yzi6zpHUw,,,
8xExD7E0,KibO1gddNpKzPduJKPGQXA,,,
m0oWJl3G,H3C_4i7bexx5im2EirxuLg,,,
8KoAvzO6,fWiYrjq_lsUH3TUnK8ezqQ,,,
ekE4mN32,MTeEKypVtlnr0ERJbc0EGA,,,
0ZEDQG3D,qFTdQEMaHSu275oZ4jaMaw,,,
we39xNEk,mZ1ApfDu5iVP5vJ1ag5Sqg,,,
lnORQDoN,ZrDuca0zT1bVscI7nIXwkA,,,
8KoAbYO6,vKAveftHblmq9klNmn8GNQ,,,
Pk3w9DOd,0dIDNlEtGEBnkcbHCiL2hQ,,,
VpoGD9Or,iqyYiy-4WSOWAw0fv96-Cg,,,
dj3dKKE9,lg-9jI4mtIiJj5adoq0yVg,,,
8x3zRN3k,QZnHVr3UuTX61u_tyG2dMQ,,,
9JoP8jo8,MfZk4_t5693Xm7YRBfS8wQ,,,
eVOBjkOj,6hntGQO59c9HX4a32EI_zw,,,
ZBEnlqoY,3hNSvu0csMgXs9dBBm9xsg,,,
nkOv1loB,Hd1GP1cI0gnYQhQf9qqUUQ,,,
JGoNX6EL,tjCAWt04oRZwHM65qaYEIg,,,
v5oJwbOB,Duqh33zcv278odJ9vmNiQg,,,
KAoKB3gm,mjogGxVeZmemp3YxdKJQpg,,,
p038xX3m,DycI3MwjvnMYdSyWEjxdnw,,,
Y1EmlGOw,mLialt1oyCzT9j4SChcG6A,,,
xWoYy9oK,YBVe2vHywkgYntQ_7vdjgA,,,
njoZrvor,jz9fcnYOC0HQwYO3DMd0HQ,,,
Pk3w65Ed,kPOoAXldBgqMdIdvCI5FOQ,,,
nkOvkaEB,w-KtBbHlP8d03PKp35UtKw,,,
N6OkjVox,qyghd_63sjylMQ3uix4FcA,,,
geEVJzEz,xC2BoQbYRktn3u-Ktaw-dA,,,
NbE1LzOJ,pfmASZdZ1MjAypOD7ilzZw,,,
1JEb1ORY,ePczGFS4KNkS5p9J2GIngg,,,
wmo71vEq,QuazWwVqZJsWjI1nJ2JpgQ,,,
XJ3rlmOR,c3nWvPQ7H0wVKh3tPgQlAQ,,,
VpoG2P3r,XJ2mW5phqfSCcO4Hbask_Q,,,
ekE4VZo2,eNRRkvBr1tz36WjdTPJdBA,,,
njoZGAOr,Vf84yIraHKh8mJV-MPqJVw,,,
KAoKnZ3g,105iw1_aGTuy8QcIc6pxeA,,,
1m3ML6EB,omL5cADOoJHhd1rVb8_Udw,,,
nkOvZOBW,5AMUcD75ZdfY6DdWJf-h2g,,,
wmo7d2Oq,auYdFJlezRcLuQ6t_HkV0g,,,
8xEx1730,v9Gfl7u0c1lWrvkA0GOOMQ,,,
lnOR4q3N,jy2_asMhGYOM5K-cGNwsIA,,,
njoZgbOr,UQlLYQAzRX6HSAZzzhwbgw,,,
JBEy6m38,O9EmJNtsgDK-nQG578KRZA,,,
0j3LDa3r,fLdxAYEyuZrcwi1EZ5TAuA,,,
njoZJAor,XLUTeNqi6vNH4MBLXyN4RA,,,
0j3L7vEr,YxYQ1-pj8p8RtBbHQpxxdw,,,
6VOpzQ3L,NNQbGp4nmIg3YHXiIPtyqw,,,
lnORDD3N,6DzCeWt38GjAVQfo34hR0g,,,
B1oX16OV,opJW_I8qNfMxucN4GpK-ag,,,
KAoKNP3g,2mSu8PN-B2tsoPHIgY11CQ,,,
VpoGkwor,u0V_D_MgceNU4y9IBsmYQA,,,
ZBEn6pEY,PAFyEgevPbw3IFE4iKfk6w,,,
WeEexWOa,g781o20MSPpfPDjMXCXs6Q,,,
ydEjAeOW,9WXiNbVe0WeexWUMv1isrA,,,
ZBEnvrEY,Fo9qG59lVtxu-Axg8l5bkQ,,,
0ZED4ED9,4dzJvVWr-lvXPbtG_9Eqmw,,,
ZBEngr3Y,MWlRlCPndST7OWoCqgEX6Q,,,
JBEyk0o8,Hyhr1qQM5yniS9aD6JuLyg,,,
eVOBykoj,WKsW73Pi062gvoA1IMGUyQ,,,
p038eGom,kdocld9Zlw0qMmTOwSyvbQ,,,
nkOvwXEB,jFJ0vA7ByjLQnVgCyn9P9w,,,
qN3g2EAv,IJ9TEttX6nfXfvNNtA4mSQ,,,
ydEj99OW,R2QSzXwfzx0iXxfTE8iB8g,,,
Y1Em9REw,1GRVMGGlYA-VX4w21KKPPg,,,
wmo7ldOq,NlJyx3x87DbmVhZkNPOVjg,,,
xWoYK9EK,wpEeCOhMZpHORZ-eYJHUCg,,,
we3905Ek,w7dfCFHoXYWL3Yk84FjCFw,,,
1m3M8pEB,eEK2tLvmQz9MZtoz9nnbVw,,,
Pk3wDqod,D59vpVdtUL9jhKh3QTA78g,,,
xWoYlA3K,2D9qp6OYQAaf6Rp_p2ov7A,,,
1m3MaY3B,qSfNjwd5rso4qkSolQOSCg,,,
JGoNGdOL,w-yYqPiYFrlhFaBO1U8NYA,,,
Y1EmxWOw,ucN_CwWTHadQiTpfBnKECA,,,
ekE4grO2,6oeZCBAOH90TKQLVJGBmYw,,,
eVOBQMoj,48kZEMfCfmqyYIgrYzAy2A,,,
rNo6dlE6,6MYpPIYrEuGTDCJTDzS3pg,,,
8KoA15o6,b-htT9ypXurD1HzbqGyXRA,,,
eVOBpp3j,OBHoH-f11CHnLihTpUTdQA,,,
6Wo2GbO9,ygGpFgRHwotrS6urVMbGUQ,,,
qN3gdzoA,7rTg84IxM4KiIPHL3xocVg,,,
eVOBda3j,E4Yh8OoGFrZ6c3Y-vsbdmw,,,
geEV2dEz,eZBpmuAHAzDHb508TbDFYg,,,
ydEjbBEW,axRSrrR-WMjdE8YEmjdCcg,,,
B1oXAQOV,diicj_cdE-UDWjkXTugDyQ,,,
dj3dbrO9,NLwZc0Z23AzP160Qa8u-Iw,,,
KAoKlKOg,7mWNzsSPA-psBTgBEuZFZw,,,
m0oWdROG,sJYRNp8vmFBcN3caUSyyWA,,,
ekE4PNE2,G_JE7fb_BecauMPGGSInmA,,,
we39YZ3k,x_-bO0sT279kT2CpZSHbGw,,,
we39Qr3k,zWbP-rq624zQQUteIOg_bQ,,,
JGoNLyEL,WcIO7koj92DTW33igxcUcQ,,,
WwOaxwoB,sP8-yb22hNDTynlzQEUl1w,,,
6VOp2B3L,aEdVmw2aeIcAcHXDqQROsg,,,
KAoKxdOg,CBrKftwXexstg_gBbTO-iQ,,,
WwOadpoB,xyiXMx7J5V1crabqI7pcfQ,,,
NbE1bk3J,-H8_P6JiRTyEnCga6omUzQ,,,
v5oJjyoB,22ulc1gf6RFEGEeB9eINBQ,,,
8xExw6O0,x7MTfj5M_zIp688iBQgqGA,,,
6K3lDk3z,LsfsTh-xqUvKjFNp1i6zkg,,,
1m3MzLoB,OE8PT_RBae_ruhX4bY1abw,,,
6VOpmmEL,qdQqU__Z74iYs3woM6BXmw,,,
9JoPPpo8,6lIoSxvZAwFMN2wTT9W4aA,,,
we39eN3k,J1pVV9_NtY1IPPxlnzf2Wg,,,
qN3gJ2EA,7dUT__rsDKpgCWY5-OUWhA,,,
VpoGddOr,Rh29MVOqv-J3onKjtbMLag,,,
wmo7Kvoq,s9wQWoJb2bYhZADfNm1v9w,,,
8x3zdNOk,TexhsPcx6ft_uT8h8V2SQw,,,
8xExqB30,LUOLEOAQ_euDAw6NTgDBig,,,
nkOvzLOB,5d7ksFT01jhqalR-lzkqQg,,,
WeEek6oa,OrctWQwGzm4Cn1MpfTzF-w,,,
6VOpQNEL,OQkpfDdg58_s3nXFNNm4oA,,,
dj3dDj39,OkVPPlfIpCUh7ID7NvlHFw,,,
6VOpxbOL,wOFDx80Wk-rygWVyVWB8Eg,,,
VpoGM7Er,PMd_4_T570ztJPSGq9JOGg,,,
0ZEDV4oD,5Hl3fTGg3BwXB98VQZ3WQQ,,,
0ZEDYk3D,J03ls-cy7MZ0geYxenoYUg,,,
ZBEn2EYb,aSPKU3XHmtCZaYvdeE2CLA,,,
rJoQgqEV,ipW1WASsGwiJqzdBRhwAhQ,,,
dj3d25O9,n8dyic5uTTMqPKLbcYf9LA,,,
8xExQV30,4JkEPSmUD_UAFLMAmUZM0A,,,
8gOq6AE2,f8oeQONzvmdEsBsWZo8BwA,,,
NbE15REJ,WAaPZQRKe_tLhz-lDke23A,,,
1m3MbpoB,Ms8KQYLifiFa4dqC920UeQ,,,
p038Xv3m,DLXcdY5dBSXrBWGAZrQ_Tg,,,
6K3ly6oz,a4cDRPdISWdGMa9Gxo33GA,,,
7RO5bAEq,1qghM8aHkiYRbgxgb8JyaA,,,
njoZ1D3r,pT6nwVX9caHL92n9FmJ-Rg,,,
JBEynN38,gNJt4eC1LeryW2jiggQVvQ,,,
Pk3w11Od,4J6ilT7y7vpwin9V_DJB3A,,,
geEVYZOz,fwU8vsVfWqCpMkqULC-oQw,,,
p038beOm,IyWRg_pW-DRS82cjh2EZkA,,,
6VOpAQEL,PMbMIX5gsVsdlDbn3afOyA,,,
dj3dZ7O9,veY6kviOTHU-AaTcgl4ISw,,,
Y1Emq9Ew,1L39HOtAA-0SwRHgrcaCLg,,,
6Wo2ngo9,ibd9ULCc-G77r2iDcsYd-g,,,
dj3dao9v,hRnWrudNcUOcKsu67U4qyA,,,
Pk3wrqEd,wYKrUo2kGzeDvpETiTMMSA,,,
Pk3wJwEd,UdM9hlr9sajVqZkmksU5nQ,,,
njoZmJ3r,VNN_tSXEsuWpUZTMOvUgPg,,,
6K3lRkOz,mcoyNlz98cnez1YUeuZFhw,,,
geEV1kOz,QlTMuiElFxrUmbLuRIZNrg,,,
nkOvMZoB,ltf7ja5q_5uBIsMM25cK6w,,,
JBEy50E8,nO9fBsQM06nFUFtvyhofKA,,,
dj3dMKo9,OPuKkqCnM3uowh7969-feQ,,,
Pk3wjxEd,xOF_vlGsB5LpbBZvZ0e0fg,,,
V4305oBp,HRN1A1-toEGHTisV8UpTuA,,,
JGoNxaEL,jxCesQlYRI2njUNm08_M4w,,,
9JoPW538,vjsMd2SauOmceETW9N7R0g,,,
WeEeXdOa,k4CoRvzyl7o1K0EXPkBmcA,,,
geEVvJEz,peEuOusmpUuVdUSJGUEmNw,,,
N6OkmQ3x,erebWqQMcrr1FCzmyhZkMg,,,
njoZBYor,DunFCDanv59XseBXPWKnsw,,,
p0384A3m,eKdWZKCO3WiasqVtjhK9eA,,,
8gOqPxo2,KwVjblpK5zIucKwWZJJlUw,,,
Pk3wKx3d,6qVExRnMHfO-rA7SspeHRQ,,,
JBEyZN38,jB4CVU599C_nhr9L1tiyIw,,,
8KoAQeo6,clHIk5EwbmZSnjPh3OdoQA,,,
WwOaKB3B,vRL5otRHH2J4vRrov4X5kA,,,
KAoKyPEg,0It1GyVRNzh3VcYuC38HdA,,,
1m3M69oB,gC4cp8R9C5pjfmSZGTEPMg,,,
B1oXNdEV,DIz2iv2g_8gVkg7uWmuZXg,,,
we39gROk,Z28LvtwAzWnFVn7e3juCTA,,,
wmo77Roq,47mBGtdAS8y9msy2BzUEjw,,,
wmo7w2oq,ArgDd-GireISWWoMuI8-0g,,,
JBEyAaE8,LYN8v6MeBhxir_z4QMx5eA,,,
Y1EmnR3w,3XQyTMw_0SoPe7w94WNDXg,,,
geEVNvEz,_uUpTTNFGyoh0fKIZWYPfQ,,,
VpoGawEr,_4mzOntWPrRSBbas0JL6Xw,,,
nkOvAaoB,e2j0dBPvoJPATLgMFLHU7w,,,
ydEjdVoW,WyWSX9enuBrzKLsbfKCVlQ,,,
wmo76P3q,cYxzlsSxbH3sxvmUb3-CUg,,,
xWoY4d3K,yUQNi1kB_X2OEEXM-UjrDg,,,
KAoKeREg,Rqp_1Zrw3LYulTG3Qnl9EA,,,
VpoGmwEr,XIaSOm3g9S_hwCtmbtqoqQ,,,
dj3d57o9,m6hq98IUoeubBgPIpIVCmQ,,,
9JoPJ0E8,FTGGNHujbcfike6xVx6UPw,,,
ydEj27EW,e-0Oy9r_uEq_qbYS_6AxAw,,,
we39zlok,jWIeasGRDdjTuM8DVxvSKw,,,
7RO5PNoq,skLvO6e-RRfeeTPbRRGFkA,,,
m0oWvJ3G,tbQ5CJvwVjT_u3DUUbZYzQ,,,
8KoAVQO6,VwHU6L2otaZTWG--hwYrmA,,,
Pk3w8Vod,9K8Ku7jlFDSWgpr08uRFTA,,,
v5oJroBL,d0C21gwC41R2mJxv3I4g-A,,,
8xExAW30,dn5SXw1DJ-kKHgTfbyrglQ,,,
1m3Mx9EB,JqzBvkQsjPrPi9xU_3pIKw,,,
VpoGBA3r,ZcClbxJzDgLj--8Qgw0_aA,,,
6Wo228o9,BhE50ZnOOJBHTIz5ddyhNw,,,
0j3L0L3r,bCxE6OfjDSf3CLXH3ANAOQ,,,
0j3Laor6,geaiKIUhn3awGi1sp6HsmA,,,
nkOvpx3B,deTndIOCWtAXxOlbM19rsw,,,
WeEeYwEa,zWK6gvLe-h3liKIebTWbXA,,,
Pk3wPxod,lK3s4vI5fxuNBDwFP6MUpw,,,
eVOBl63j,DldVQt9XDsTroBac0W0FDw,,,
6Wo2GO90,m49ryhNYwKL1GboBBeH4YA,,,
N6OkkGOx,7bsBPqK3EmFFYv2JFzRGlA,,,
geEVeVOz,8YEeN197nWBKdZNdI2BoOQ,,,
wmo77doq,WNV1Ii8Xbyo4ahoqwINWaw,,,
wmo7R3qn,b0RwYFwYZDiWwo6VHdoVTA,,,
6Wo2P8E9,r1I7jcL2lqqVFV-Y33uyJQ,,,
eVOBLr3j,DsffII_rSzhPxcGxq8OfdA,,,
7RO57V3q,-2jQG9-gNH3TshkF-hhR0Q,,,
p038bGOm,MSPiKApkBzxKsAYHHRRNsw,,,
geEV7v3z,gvIuc0YzpgzX6fv5R6bugA,,,
8xExNno0,hiyt-ujIMJcmZfdHcOPIug,,,
JGoNZYoL,O6Pgq7q6F0T1evCh9cBK_A,,,
8x3z1NEk,ej271ZHAFgxiC7VfuK4FWw,ysurgvoPZjaYVP2Hb1QbAQ,,
lnORzeON,gSRyYHmalCinlT5NTGxQmQ,,,
rNo6qq36,YQfdsj7qVJj3U_5OjEfohg,,,
Pk3we2Od,fs_nJT7VeQsJK20bm2DeZw,,,
8x3zMYEk,gBeX6TB8VgevHfQUo5SCdw,,,
6K3lj6Oz,WIkE-1QK9HejhogVocAKmw,,,
8x3zzR3k,YX0M8bxlGK2IYMWLfo9kCA,,,
8gOqGA32,UsVaIBjd9U_vkXpRpkGzIQ,,,
JGoNea3L,r9dG-D4FjjenPtVHiMcWFQ,,,
6Wo2DNE9,da1THfnv_dyeJ70HcOaxZQ,,,
rJoQ9oVj,JjJ7OGM7dZFIJfOMj_4PYw,,,
0ZED6loD,Nr-Ays4S7GIh4SYAkVODuQ,,,
B1oXqQOV,jpyHwR-mPWPYYLQcy6GKHw,,,
V430p43B,SBPGbdqFVagr5oaHthzltg,,,
eVOBNMOj,Z9UFyQKlsvN7ulIW5uKo9w,,,
qN3gq2OA,LIJ-1JfWKuYhpf4IjQip7g,,,
JGoNDkEL,1NbIAgBrp7iW5YpDjdy1BA,,,
WwOaVdEB,hrKtb9bmjFI2sYCnPL-agg,,,
7RO5njEq,86HKTEwMzYLUjxybYxLScg,,,
V430l53B,kbbtL-bIJ13V-1s_IvxChg,,,
B1oXvlEV,4XfqrOQ2UCOTeTxNtqUpXA,,,
njoZ5X3r,4LHTHWNvZsSjD9dTReMrGQ,,,
eVOBeeoj,ht3yoxLzyB5VlaT_9Wbnlw,,,
Y1EmVJ3w,KAb0zhEL3MEhIJ8pLd1OpA,,,
we39V5ok,dE6ovh_RXCkFyVUaZirYsA,,,
njoZ4AEr,qNSqiQAj0TFQE30QuqvV9w,,,
ydEjRdEW,fsNfsKUDDRMyxPJt2nBKAQ,,,
eVOB1Loj,HdisqGawf_7b9jBVbwz95g,,,
geEVavOz,AVQ6w5CN-MkrJR5uzV2Frg,,,
0ZEDNpoD,2GHBM9BWLEHvVHWz1ArCdQ,,,
Pk3wQqOd,mUO42F4oCax_jkHAAarnEg,,,
N6OkJqox,qaerBLBay5yKB2xp0a7Q8w,,,
N6Okbpox,wcbAIrOTmG9yMM8T5Da1Iw,Oim_dIgcnNqPP6809R4FTA,,
JBEyKRo8,8wp-_ZX2IZ9bhNm6WNsJWA,,,
7RO5DXoq,xANR_B2lgTHnHWXOLk53eg,,,
ZBEnVZEY,LVVLHnAI1ioQuL-3wsVkGA,,,
6K3lnvOz,jhnj7nx4heK6g336NeNKmg,,,
8KoAypo6,1g8uZF1k1w6gr6_LUObAIw,,,
wmo7Wjoq,HNG7WnOZHJ9F8eO0JytKZw,,,
KAoKw9og,Q7HGBC6HUPugUjyv86-0zw,,,
XJ3r9RER,cndm-OwQqYrJr5goJwbjKQ,,,
8x3zA9Ek,YCGgZKEpbdtpC8jSPCuCRQ,,,
WwOa2NEB,hqy_UvkY4pxm9Vxnz5HmfQ,,,
rJoQyvoV,JiDD7EcXyiIubWu3Y7kssg,,,
xWoYRrOK,S6Nv7EsQIswzlIWb1j7fSg,,,
0j3LNaOr,pt3IX9YyikPsnBqPxL5etg,,,
XJ3rApER,EfPxFd3dfHJfGgB74onBgA,,,
7RO59BOq,kCtKWAxTLox1KO7btpgbDQ,,,
8gOqY0O2,ETj24Pihs6k02yTVpivJ0w,,,
we39MR3k,JHQPp8V2cmsmw0SFrpsv8w,,,
8KoApz36,fYDMYGZ34LLDeK7KH-J_OA,,,
Pk3wRqEd,LtSZPfSXrRvCNbgInO7azQ,,,
N6OkDvEx,IAgcyUR4VVtBATi1bSV5vw,,,
p038zzOm,i9tDWSb2NHfS-DMme21W3w,,,
qN3gK03A,Vd91d4KBBCuaAgCUdy0VVQ,,,
v5oJB7oB,cX6un9p_jUHdmEbJogz7JQ,,,
Pk3wga3d,7-RaNQCvHMtILXZnh_IEhg,,,
8x3zP9Ok,3I5Ovhi_iImyLsxxlqn7pg,,,
8x3zmQEk,o4w4uaRly4y4wqT-nDUIEQ,,,
we39aR3k,E36-TPffr0PqtTsL8pnp_Q,,,
njoZVDor,bn8gAYDyuwcYiIXnH6cWFg,,,
ekE49L32,ajSplCo5qLQbIKcXnnF_uw,,,
wmo79bEq,QoKVaavHqzEDCvuLEzDRGw,,,
KAoKvP3g,VFk4Y5CqvK1QP9mBDymMdg,,,
geEV7V3z,1aH4dPfJDlqbvCF0gQYScg,,,
8x3zJ93k,Blg9vgR4jJXDHW5YXds28Q,,,
1m3M2koB,Fb-tiNyOFI6_iKDlGVydCQ,,,
8gOqNrE2,dDft_wuhkjcEy_ZDiK5W4w,,,
1JEbk73R,w830vx6tnKc7vqf6FYGtDw,,,
8x3zeREk,LOTkX6ewQaJ-ibND5sEFuA,,,
6Wo2pGE9,wXc4fOuq2W-R-Z7_yKIzbQ,,,
p0387GEm,o_8zfoC8HJzTR44Oza9Jsw,,,
JGoNb6oL,7sZUAqdbWh9q8kb4LSbq9A,,,
rNo62Jo6,cCq_F5ZnEygOe8A2TTVRfQ,,,
xWoY6vOK,loXGqn9-J83eZuH4_caAdA,,,
WeEedMOa,WoAsisODPdulkpEHYzKRew,,,
8gOqR0E2,eyJgqUA0S2aNPWO-TeElQA,,,
WwOadoBM,acXEANHhpDc3D6sg7mSgHA,,,
ydEjp9oW,0jFQdK1tUUexYYkmIvwKQQ,,,
WwOa9zOB,B0j36Wz1zu5HshDUDwHBlg,,,
8x3zlQOk,QVuMS6CkePcRZdJ_Qz7sGw,,,
Y1EmgVow,ZmJ7ZacL10e2sZK7yBc1fw,,,
m0oWbz3G,mKttYTyShpPVJiWxL33Cbw,,,
1JEbr1ER,JlhK_PGYiY7R9MrNTFcpvg,,,
B1oXzNEV,VoBDX6GUpXCZXAd5H8udeA,,,
p038Lz3m,AkPM5iO0Af82x0lpd6sZfg,,,
V430k6EB,o_HMBMj1mOnBacrYvSQjDA,,,
Y1EmKRow,nDS5SqxUjZHJkyZHA1W5Hg,,,
8gOqQxO2,yhXTMFGXeHmA6SDdT4P6Fg,,,
NbE17moJ,66x_oXqJ3NIaDu0VwsgWIQ,,,
XJ3rVJ3R,yfL9BurPIcsG8wIGtnQXsQ,,,
wmo7yPEq,bvfKfUQTpaTt_mKviNrlFw,,,
v5oJbyoB,GCqQkck9QDLw9m-ONmHq9Q,,,
Y1EmQ7Ew,CDKd8RgqEHI1YO53kuoSgg,,,
wmo749Oq,6AAWuBi18a2oYF6jSBkFLg,,,
ydEjgP3W,fgOsTASYbj1_q_ZuXC1ccw,,,
NbE1DaOJ,S2CjF9sN5IFgORd0GOBGXg,,,
ekE4zro2,p2YKGpdPeUYfM2iKb6fTow,,,
Pk3wyDOd,jV-mRhMew8Kjc8SZ4UuIww,,,
6K3lV8Oz,Geropg5Fliv_nMGU0yr6jg,,,
WwOa8VoB,MiOurH3MHs6CwA6iOWehOQ,,,
wmo7lROq,rLGucIdLEipootq4gVZrfA,2WPgRm4RjHhoLRbKqQeqjQ,,
KAoKA9Eg,ZkI8FRbUqRSP9RaRMsc-4A,,,
1m3MKyOB,kEVGLbcuqTGLT0zLWjgzIg,,,
v5oJ4AEB,fbL6iXJcT-vN0elT6N-ZPw,,,
8xExay30,M1KoBObQKRHmeUwr2UslAg,,,
XJ3rR3R5,Oh5xkt-2rmV_wF3dG9I53g,,,
ekE4BGo2,T_bpOBikhU7kJhLvj2vVug,,,
8x3zj93k,9IGazLlAPkeHN_VPj4xb_A,,,
v5oJGbOB,omULDApTwM3x08Z3vx38xw,,,
ZBEnaqOY,lX7d8HPwpYZ4c9ZXAsetew,,,
we39w9Ok,cEJqr0L230q2dXOhIt6DGg,,,
geEVw53z,O82HrRCYcxhKXzJk89uOcg,,,
JGoNAb3L,fnBYBEbE6DzSWEj7EBv5kw,,,
1JEbKN3R,2y8rjGBcWC0QuisW8ik8Rw,,,
m0oWY1EG,3EORbRSKQRQQEN7FLGeyTg,,,
ZBEn02oY,0a9pgOiIpgcaO9mlCy0ZQA,,,
njoZ7yOr,KHR8yztFem-3bLLzg3wd_A,,,
m0oWnR3G,0gBOx2QOkzS0HXb40IJkLw,,,
7RO5JrEq,tDoJHFaND6VieFTTaXp0wA,,,
njoZeJ3r,dywGBX3O_mdTmc-SflDwiQ,,,
JBEyyJE8,nzFeNeqWgJMb5LSJ2yuMpw,,,
6K3l0e3z,bWZa0Thum0E5ibxwlfmx-g,,,
njoZNBor,fG8x5egXT2V0AIR7DdE2Pg,,,
9JoP2qE8,1DcEoBy2QOs_wjURnqPktA,,,
9JoPDjo8,lRrzsShZxapse71FCANJzg,,,
dj3dXL39,M9cF09YCto5OKxEykUekGQ,,,
we39mA3k,zBAQlVLaEq4nzOJanKSHQA,,,
njoZYy3r,Aa1fqNgdO4mwqSU13QR6CA,,,
eVOB91oj,U0Isbr3eUqPNRXjOpUpZcg,,,
6Wo2Zyo9,eu-eeySuU8jwXxi15pBPgg,,,
we39wNOk,o0-doaAUctcM-D8BZHN3mQ,,,
0ZEDL8ED,P1PQkunouCyj4FQK9ODOKQ,,,
1m3M7yOB,pPqPAft4xmAr9YCdO58zig,,,
N6OkGVOx,WA7wqehrx_KP3RVNwUNKRQ,,,
ekE4d6E2,283jjsb0TMPtkFB8AnUe_g,,,
geEVPzoz,yScKmaJqCuawk2N1qLv-0w,,,
6Wo2MV39,bMDunoAUoN7-bIT2QPkYDQ,,,
8x3zQZEk,CStOHsVt6vJAarx88fsmKA,,,
6VOp6a3L,atafOjxJyt4ohXWJLt6UaQ,,,
qN3gR1EA,R1X9MgGrrHVgZZ4BV92aiA,,,
ekE4w0O2,3_MdxkQFCgHgLrsBTh6fCQ,,,
rJoQbqOV,zMdOOAiHoAQZWvxW_QzQ5g,,,
WeEe4MOa,zfYV3bUhrmVX9U0R4HPa2g,,,
we39rokn,fOBp9DWgd_FGXh15TgO-6Q,,,
B1oXnNEV,TlZn18M3jOcJgz01q2DRaA,,,
v5oJDdEB,JW9vBBzCBzrzLFPCeLPGhw,,,
dj3dV5O9,MyoYgca7Wy0htn7fJTuw4w,,,
Y1EmRn3w,36w6nJPt4bMAOUtplrKWsg,,,
8gOqDo2L,_Ccmk51YHDoKyfgQp0bVjg,,,
8gOq01o2,bhQoA0Ka0FyV0OlICi6B3A,,,
8xExy630,-dqF6zhWF48ZzQuKcPia0g,,,
geEVbBEz,ZF0DHNJejPks8eUJB6GKtQ,,,
lnOR5eoN,iWPb66RlMVTmrmdiiC2-2g,,,
geEVpVoz,LS4LKpQ4ZqiBbIiT_QxJHw,,,
XJ3rgRoR,8ntO2FsXtuIdG149DMn0Pg,,,
VpoGpvOr,6h9SOn770x7VUHe5n6pKXw,,,
ZBEnProY,0ZmK2S5WjNSIT33Jdc9Xvg,,,
NbE16z3J,Dni_b2sRuGpDqWCBWPt6aQ,,,
0j3Lb6Or,7OKkwjJQBdlQEIaf21DaIA,,,
p03868Om,U5SY-6kb_cr3HPOir-2yyQ,,,
8xExlyE0,W2PBFrdK1vbcjqeZJUc5ww,,,
lnORXK3N,e0DPJMwVcM_2Qp53WuLoOQ,,,
N6Okyp3x,a7wpaaC67HU44z5CN2mG4A,,,
XJ3rWYoR,huDmU7vaDHUkojjLNG3cgA,,,
we39RZok,flh1hyLK9NqKAYBNCIe2fg,,,
NbE14yOJ,KEIThgmS1I4vPW5YKmeE7Q,,,
XJ3rx8OR,R6CjsmTCQLezl_6EOlQxqw,,,
dj3dR5O9,IZ5psLocdSyQS-2DXO2p4Q,,,
geEVRzEz,ezxWSazcUeQOztbItc8avg,,,
6Wo2AN39,-bQE2PRiMYc5KO9XlmphGg,,,
6VOp4BOL,_qgJIAApnXRsrZsADvlJog,,,
m0oW23Gj,EeL5iZ9VeOjDZVr-Dse4nA,,,
0ZEDZ4oD,gIWhp1kTbJ7qzWg3de16bg,,,
8gOqxro2,RGEP3Ib2Mwg-6wDocXgYng,,,
rNo6Yg36,nlu8L0znOuVY9awTFYxNeA,,,
eVOBPw3j,3GR2ez8ltio5g5PIA6M7tg,,,
V430Xb3B,F86KrruF6vkNcne33rj3JQ,,,
dj3dX539,493_BYr02YN2v97vX6As6A,,,
m0oW1gEG,uFIykV7IhSk4wg6F8OXAew,,,
JBEyVB38,WRNZr5xsv6hboKGRAhbwEg,,,
7RO5NdEq,J5_D-fkWs3yuO6QRVcvKDg,,,
Pk3wYwOd,VxrNisc9JRw7NyHExOyMVg,,,
1m3MMn3B,bLl3tVizdbjGsZ4l6TsRZA,,,
Y1EmZ93w,ulYNe4-ZZaOuRzQLuxBawQ,,,
m0oW02OG,_twnm0nW5Qr3BHVTMjMsrg,,,
dj3dlN39,Bve2PGD_3-G6RFqv-X9aOA,,,
8xExMJ30,wUvlMVqleiCJckRjDyVbHw,,,
xWoYQgoK,Gwn-4wU0Kp3lAysABKTRCg,,,
8x3zBZ3k,twa0_C8X7xjN8y3rSDB46A,,,
6K3l8K3z,uy4W88iRBhtRKi_SkgEoOg,3s-kbeRQC4MS-tuR8m59Wg,,
6K3lq8oz,OOyEauiyObRBF0LPsfXHzA,,,
VpoGVP3r,9BgGKXypW0GqNJgbeM5nJg,,,
dj3dwaE9,EkEwyFQdTKau1UBEUCxnsw,,,
8x3zNb3k,OHM1IW-ZvgiOONZ71zXIxw,,,
lnORdd3N,W8t1ohtJr437w_T1D4MRQQ,,,
1JEb6eER,FCaUCzIv701wEJ6fdQFRgw,,,
xWoYkGEK,U-kgL4ol3TFb812OOI-Vpw,,,
wmo7jP3q,Gr8YWpvUm2rN06qoufVqLA,,,
1m3M4yEB,HnLVANdjlnOlW720rFmODw,,,
NbE1wPoJ,5YvoBcxKnXZ38MMEWTuF1g,,,
8gOqD4o2,DzY_DTU_4R-aecvfCs-Q2g,,,
7RO5jEqb,UdwKfT7BapwfyxqNzfmyTw,,,
wmo70jOq,vRd7a3UQbajWNC9pBEyKLg,,,
9JoP0o8w,msfxf2Pz1IsssbIuzRuryw,,,
rNo60dE6,CJC4DYEAlCbE0BaqZONLvw,,,
ydEjmVOW,IUlfRFye-W7qf9U_T_2kTw,,,
JGoNK8OL,oJT-KMgl48mImcZaHoS_7A,,,
NbE1GYoJ,6JjZD55KtJbON2X5arTBLg,,,
8KoAJzO6,oGMrbpUebqvoI9Xrjq0LgA,,,
nkOvgaEB,DdLWptwquP1jb-JEFIW79A,,,
ZBEn9vOY,gWykrb8vFoqEdbl3imsZ-g,,,
KAoKKpog,gG_xkaDNNf2WkXtNdb1HHA,,,
wmo7R93q,k488-rzj5hAtoJ1biAM3vA,,,
dj3d6LO9,4XPc0gSukb12vxJTciEckg,,,
XJ3r5ZER,f0w_rgKSQ5jRxI0a6j0Q7w,,,
qN3gzgEA,tKG5BTst6jUVdqREoQNCTA,,,
JBEy4WO8,yqVlYS2DkUEEpoH31CUc5Q,,,
0j3LkDEr,Uj-qZf2weBwg2KWLf93hIQ,,,
rNo66Ko6,lvldeMP2VVxdApbBBtFS-A,,,
N6OkeW3x,a7_njZFIqR-B885IUm4_4A,,,
1JEbbJER,UreC2NGXRUvtj47ocllcBA,,,
VpoG7vor,mykDeTaLr8rpie794bX_6A,,,
6VOp8lOL,HVEOVV2jG-xk-_w_XoFi-g,,,
B1oXlNoV,kHRriet-nxcUnw2K8CeJnw,,,
JBEy0aO8,KnlLUZMSui_LjKODD2RnRA,,,
nkOv6VOB,Zphu88tGa_2N_MOh-nI4qw,,,
rJoQwlEV,_mtb_g2Hb-5XHMonb-qobg,,,
lnORjnON,cbP1EB_zA147En4lQMr_0g,,,
KAoKJK3g,MKHOFa61W_pHyedU_srHmg,,,
rJoQj0OV,JD0nDtLucfhkb1C3xGDl9A,,,
8KoAaqo6,Z4vF99H1emOKvn_4M2enng,,,
6Wo2e539,iElabe_l81OLdqGVSTeMhg,,,
0j3LGMEr,LkvRXY-erh34k7CPlrSmBg,,,
Pk3wxVod,fD7bRyFydjj62kQeizv5zQ,,,
Y1EmNm3w,u-ThHZSH39-f21xer9fSIw,,,
geEVMJOz,mkawuS3NpZYHToO5pqsw-g,,,
p038Mzom,rhMXQCxYC6qM5anLZbfImg,,,
nkOvRxOB,KktmGOBowhaKauCA2vPGFg,,,
8gOqj5E2,XQD_79BxpwBS4rkjBuOtfg,,,
m0oWaQEG,7dr70et7FMUqx0mD6IBlTw,,,
eVOBL3jr,yyalQncvR5Lw-3ulXNpSYA,,,
eVOBBJOj,GfVh7wMrUs0fgGKEQMG-Rw,,,
Pk3wqxOd,vR9MXATRhfGsoNNJiezTBQ,,,
rJoQGvEV,tdVJ8_dwi3xLusG8pODGVw,,,
8x3zkLok,ayjRP1hZA4AkpMhtTLSksw,,,
6VOprd3L,2V4wFDGZCOL8LBWFM4idxA,,,
WeEeZe3a,uIoZ_eRGJO0XPX_FL8lQBA,,,
1JEbLYoR,kGji7Mx0FY8nTsBGFOfstg,,,
njoZRyor,HbJd_iQTfOKxXzQb7jwqag,,,
ekE42No2,wfYsibQbH62EQuyIOHMQvw,,,
6Wo2W8O9,RbSbdbblkitdckOYK0_07Q,,,
0ZEDD8ED,ippP7vTHOyi5YURhnZTBNQ,,,
nkOvKLEB,9l-oBIdFxTmmG3N3lRm9Kw,,,
JBEyG0o8,K_VxjURavhviNek112J38Q,,,
p0381eom,gTue_qSXCQ5yCw47bS01RA,,,
VpoGXgOr,617MTIroYN69gNAO1D5drQ,,,
8gOqA5O2,2W_ncMJWYxNxcQpNGJkkPA,,,
8KoAg4E6,Ac_VEkgQl--Xhnfvo4LdpQ,,,
KAoK7Bog,kAOtJhHjKZCherCdMP-PnA,,,
8KoAnaO6,E6kZousLZNxczNaPrbEbeQ,,,
geEVjvEz,oA-3q8b1y8LTkIIieWEvHA,,,
Y1EmeAEw,1Qt18-vQEVsBAMwLNl3ASQ,,,
KAoKpKOg,MEZVtQqoY53e9b7fZuIa7Q,,,
8x3zb73k,WaoygWg0uou-cZq77fqvSg,,,
qN3gkz3A,JdW0fuGNLbNHG7FCneijLw,,,
8xExZeo0,v5dexElyd6cXpG0XN5deAQ,,,
p03824Om,CgdK8DiyX9Y4kTKEPi_qgA,,,
wmo7DbOq,51Zwf_CEh5jyYGIz_Rngrg,,,
rNo6NKo6,fWmudsz0gi0iE90Js6sBiQ,,,
1JEbg73R,E4twNFJQyg7U6SA6WWIr6w,,,
Y1EmMWEw,sWIDBzsVyQJYJ3_mfsfPdA,,,
geEV5BOz,Y8rW89JoIwJclx2eUiF4LA,,,
JBEyYNE8,3wlmlqj-EL7UP_2CbklIvw,,,
njoZKJOr,wCPZZLOzIi4GdVCksKSlzw,,,
Y1EmWnow,N6RSn9Q2nA37sp207R8c9Q,,,
dj3dLK39,awiO07wvBtNPEZmnbfXi9w,,,
6Wo2Nyo9,72vyrVJJorSSgjEqQnM5TA,,,
VpoGZP3r,tpLFD6PqwxAPkqqFdhP9LQ,8iFiwfE6kFb-m5h_S_BJJg,,
V430N1OB,2mehBGuCRfOX4soeVCaZJg,,,
lnOR2aON,deICUpjCzJh1MXazR93GlA,7izYBP86fDoIYr7Tnmk-mQ,,
ydEjqgOW,gZcOjmLk397miL_W495xyg,,,
JGoNzdoL,EIT59GD00S01M8Om8ZL8zA,,,
v5oJKbOB,MOcHiAoNyDZIEs43b_hkKg,,,
WeEeQWEa,0peqwLT0Ceu_MHcPYPs3YQ,,,
6Wo20NE9,xCgOnhEg_GI_OuL2pZJIXA,,,
m0oWpzOG,-9auqmdb2OInFUhHnfsUgw,,,
N6OkVvox,iHHmgbX7Yik33R4wfMoXnw,,,
ydEj5gOW,CnX3HLge6QjO2UsTXP8H5w,,,
lnORVON8,I3qtZJ6RVg1dyVnoZQNSaA,,,
6K3ln9Oz,ydIBRXXRe1Ps-5uk1qUgTg,,,
eVOBMwoj,GkQU7juecuE_CPaD-y7KuA,,,
nkOvrZOB,ARAq3XNEOnW46-qGw6Hkiw,,,
8KoAzaO6,0dGphVh1r6_gPjKXEhTaAg,,,
B1oXeYOV,D7RujkaStmZug1cFKWq9QQ,,,
JBEyzV38,vPDni3yql0FlylqRmRaQnA,,,
njoZ71Or,lcz33DBpt5F3ZgHnaST22A,,,
nkOva8oB,TuI3_5xZZqDpCoQWXLcLjA,,,
9JoPXeo8,-vEzckZLHubWdYiGf0K-XA,,,
wmo7P9Oq,PZC-sTdPoc9JMiN0gX1rtw,,,
B1oXBmEV,kPPscfkvg5CbB8QOIHsfvA,,,
6VOp5QEL,nGLpFn4Nol7zJgMsm60uog,,,
6K3lJKOz,rOl47leVn24H-YQNhkWweg,,,
geEVZvEz,Rqeg9mnjf-SIhOLdAQKDmQ,,,
rJoQlq3V,tw49kL9rwz6v0b6JCI3qAQ,,,
1m3MnoBP,h7AmdYhIsUiiQo-NJXvRQA,,,
9JoPbdE8,jhA9FJgi-TE1LIb4fayQ7Q,,,
dj3dxN39,-glE3AlHMKHPaZvUGbxVZA,,,
Y1Emv93w,shMpYXWdj9dvCygIsYj5TA,,,
wmo7z93q,pW5eiRB4ghg6sSH1kcRMKA,,,
8x3z6Y3k,vJIdPFZvywbH2KxxppSVDg,,,
8gOq8no2,v4DecJSLEye_eMlFUkpU_Q,,,
XJ3rDpOR,bIaWuaI_XLZEDw0T5grbQQ,,,
6K3l2eOz,6fCBLo_pwvkwK5rpk4KRYg,,,
1m3May3B,kvZFIKVonEb7aatBqvapOw,,,
rJoQQvoV,bc7nCo-wm4vLRZaGJNrZKQ,,,
XJ3rdWOR,rYuTG2Cs0qFL4blQHnoUCw,,,
8KoA9Ko6,EsVW6mf-c8hWBs-AsuQmEg,,,
6K3l1xoz,1lc6xNuCZ4YGsvpVDaLw0Q,,,
qN3gVgEA,xkYjPZHL95GjM6a8_Tw9nA,,,
1m3MB6oB,1J_nO3AHh-xLThRAlhMcbg,,,
eVOBDa3j,MBeTiQcvjtGQ4Y1Ytsu2HQ,,,
JGoN0BEL,xDrPI88zTQCtQBmRkMou4Q,,,
rJoQ6WOV,kOi5uJyXjQpRr53ll1-W1g,,,
WeEere3a,diPl5l9EQ56rDUi9bSCIiQ,,,
8x3zyzEk,d19upCXEPNRhMzwKkoQ_Qw,,,
0ZED1B3D,1SEEvsE3sEoxha20jZmqqw,,,
WwOajNEB,A2oh0xaxzL09IN5svw-I4Q,,,
ZBEn1KOY,lZQtHsj0Ql8qTlmPJ9KCQw,,,
VpoGGAor,nig5Ns8AEq0CdzTCdJnUhQ,,,
KAoKjd3g,VNanHkHLfjU5FGrtkVYUkg,,,
JBEy7ao8,_FkUxzihgfbVsb14fokGfQ,,,
JGoNQg3L,zPu8uvm7MeYi-HkWH7QmtA,,,
rNo6w6O6,SKaGfb9rFbMeV5KG55bkww,,,
JBEy91E8,96GcTGDku8NyEvNq7DJ4wA,,,
1m3Mw9OB,mkZByNcxKjM7taSEoNKT0g,,,
xWoYLM3K,gk7iSNtLPyw-tJTyGlrnlg,,,
JBEyR138,og23g4eoe0NYUXjwF1rwMA,U4KwNfsHi4pkXde29W8eHA,lGUSbqJ6xVazYvXo2mu-8g,QOwoE_H513mKx2QMuNQWqQ
ekE476O2,Mn-d_LIUp2W4ez2QO2_xYA,,,
N6OkZgox,mO2xeWeSNrWdACmpN62yvg,,,
6Wo2vGo9,kLbav_A1PKW_5SniYG0W1w,,,
njoZbvor,73st8cJMOhaHDX_Z1jDg8g,,,
ZBEnKY3Y,LG1wJ8ZNcc6LlCoSnveotg,,,
8x3z99Ek,dRrgpNk6iCrd7TKCQsGuyg,,,
0ZED8pED,83Ei7irI71_7N17pV1xk_Q,,,
6VOpvj3L,Phrvzj6OKsFuFdTb94URQw,,,
8xExYe30,cHfGJUXqkyf4Sg2Dv_Pv-g,pdQlxKj3Nk1wLy2M2yLqFA,,
dj3daao9,oYzGQipt0Q7TMNwAophegA,,,
XJ3rZZ3R,3gzwShhTaEYG9X7ahhUX0Q,,,
1m3Ml9EB,FrUFaNmpMtq01z_eQemkDw,,,
9JoPMdO8,nf9zYm8twZXutF-PB8QNHQ,,,
v5oJrboB,zIsqb1cfRHobstaPFhoKFA,,,
B1oXWb3V,nu84h2UiJiTC0v9tZlSx4Q,,,
6VOpXqOL,eZDKi_deDFboDBKcwm-4KQ,,,
Pk3wy1Od,IdPILNU6ky88v-V_cZ-YLA,,,
8KoAPa36,ERwrqQ3XIHfjZDlCzp8tXg,,,
xWoYB9OK,cpru4h9KE321WKH9KHkVlA,,,
lnORbLON,mZdBHetTAzm1qq5XFinFNg,,,
we398ZEk,u5QByCKubEeOxznsIfYRQg,,,
B1oXqYOV,KfnOYbgaz_SLBb1GS50H3g,,,
0j3LRMOr,_RVguSh3CikNVlc0POp41A,,,
V430nyOB,YyFvDHW8rrOHrQiPzq1F9Q,,,
p0386AOm,QpyE5qz8W6T5T4xSN-Gaag,,,
Y1EmwVow,2fsrwI3kBHRwrSz-Se45Xg,,,
ZBEn4ZoY,56aPTQJqgc3DosFQKoN33A,,,
Y1EmJV3w,ocEL9em4sRNp-8PPxPlx5g,,,
we39KZOk,v5N4UMHmGu_FPt27MbC_cw,,,
Y1EmpROw,LbkkSCl7VbS1HAs7bqudMA,,,
ekE4JLo2,mRCMZrswbUNe4O5_u0l53g,,,
lnOReVoN,YSIwC3h-43imJWrxhOtIzw,,,
8x3z7Rok,FGMuRYJChri4jUQaCJy_KA,uNzLx6NGIgKF6sHoPAS1KQ,,
eVOBAJoj,45oR5eEdU2FXVsbbJMwfdw,,,
WeEe9VEa,fMc4kHzx8aqi_oG3_j6xow,,,
rNo6e036,A8JCwCcrBlXLMxjPPzYlBg,,,
8gOqynO2,YFa5GdK430YPp4MPgTnhvw,,,
WeEeqwEa,qWXHrBXDAFW3DqOLpFt1Aw,,,
1JEbjYER,jx_cEc9Lzn_GmJ1Ra2SWmw,,,
we39Qv3k,XRdqWc4J32heocwz6BnDwQ,,,
dj3dwXE9,NydbCm5DEthbBOI32oYgIw,,,
8x3znL3k,tNtJIsC09XqZN4fT7fw9Wg,,,
njoZQX3r,_6Mix2KjHZ6F0umoQ6vm6g,,,
B1oXjdEV,c8Od_8EV_JcsVrRnEG9-8w,,,
N6OkWWOx,L3HzIb3EHexFQtgn382zSQ,,,
p038D3md,wKd2UV8y8gV0ZkrCTiXlxA,,,
we39dvEk,BCWxevPBpWJQsG_BR6Hzfw,,,
dj3d1Xo9,qr0FsFsrRBLlm1kSLdvb6w,,,
Pk3waKOd,ufUc1rcUoKBlxDAymXkQpA,7dFYockYRHUOH-LYC5EdUA,,
6Wo2LYE9,maqxNFGcOls3uc6Kkj_rBQ,,,
NbE1q8EJ,qDPZj1Hc_XEZtsrz7CErXA,,,
Y1EmWmow,tTP2NWh0Gv3SfWp_DYCNVQ,,,
8KoAjKO6,2YmxTN_5xL4TXZt8r9uwIg,,,
8x3zvR3k,HbvDZuXF-C3rXBlFNzHDmg,,,
WwOaewOB,FbzMDetaaZJxCaJ8s0AxZg,,,
qN3gYnOA,lRzpdX9jSZUKleQ9lCM0HQ,,,
Y1EmJ93w,zdj-XLLtXekGoEsk6o5njQ,,,
VpoG9QEr,C6IdiWHWxsmvCZ3GgR03hg,_n-JaZgSjlflr9rRJW3_qw,,
B1oX66EV,S2lfNlBSVxy2ukWmyr1pbA,,,
Pk3wG93d,BV6nubU4vR4w9CwlsBPoEQ,,,
ekE4y632,HFlaO0C9gVxHYCsi0_Cbmg,,,
njoZzYor,gCo-lUYEe6UDUny5gGfXzw,,,
JBEylRO8,dn4KEDPsNwGK2GCy75qnKA,,,
NbE1Bk3J,eyAXEt7-ddsD7sUSPMhUZQ,,,
we39j9ok,ud32NXukTbB017Xw1b49DA,,,
8xExn7o0,MJkZMQGs0_Sv4W9FUiDG2Q,,,
dj3dr7O9,rYCDem2aVsEcv01dty-Q_w,,,
8KoAk4E6,SAnMTC1rm-PhP8DQC4zeyg,,,
V430zyOB,0VWs0HMWJOrHPsV-AAfwtA,,,
B1oXdQoV,it8TuH9TVFYkeKPmoEdq8g,,,
WwOaPzoB,XxnyLFXIrKgwRYUqAACnLw,,,
7RO5KX3q,rqrJ4vGRpC0Uaea7ExeYmg,,,
8gOqKD32,doSPNAhwCWd862VslDuJLA,,,
njoZyY3r,8KkEwo2MnJbbsPNd3RYRMw,,,
ydEjeeOW,EgB2GBymkf9BUXGlxpXvIw,,,
rNo6jao6,P5nd7-vewW3i3E9SdeziXQ,,,
m0oWPQOG,KsZYQZscaSR9NCBHxwr_sA,,,
VpoGwQor,nxnCZ4olndpZ1ADtzYc0jA,,,
ekE4rKo2,A5CFCdwaTmIUHlLMx_R1uQ,,,
6VOp0NOL,iJyUgo6jmWqh8EeRyj-PSg,uAFEwdAD20B531pQ0f-Xkg,,
0ZED7GOD,CPy58I8mWJLpKm-T90a3zA,,,
ydEjZ2EW,xx2dw2tUVh7kgLSbKLV1NA,,,
KAoK4KOg,RuclOfaDmyO1QYi6hYg8Nw,,,
rNo60E6x,ZDa5VtD3D46koegy2vK3rw,,,
we39W0Ok,c-LhC75ZYQePwefSxQaUag,,,
m0oWGwoG,kw4caH-TUMPfcM1n_5Hgxg,,,
VpoGjQ3r,e56charRmGdh7pCAyk9pzg,,,
p038843m,_XyzGlNEsxusepe0GNB7Pw,,,
1JEbqeOR,ePbarEYHSLbVtavni35dEg,,,
VpoGxROr,_76ZKXs-rBDjZqDrLHh5UQ,,,
Pk3w12Od,xYsY2DDenF7J0bIxvv2gDw,,,
lnORmdoN,iFCDvPXcF8bkW3haGgURTA,,,
Pk3wBVEd,rKamF-muQrOQjgwrM99EyA,,,
nkOvWxEB,r17esXLmQTWWtrKB9bvt7A,,,
8gOqrDE2,ca93_Kw1X6M15cQusWej8g,,,
v5oJ1j3B,AIXyHOQFl8dw1PvYDHramQ,,,
8gOqw432,cpprldLwnZBNqBVxh9F43A,,,
njoZ8vEr,e-kUTIy2yyhAmHoxJtF48w,,,
njoZjQor,jEYHVq4oTbGEeRzVpJ--ow,,,
VpoG7orY,cwkvc9BgokULO8BcTjtR4g,,,
1JEbM4OR,hMzm0Uw655mNVW142vLwuw,,,
v5oJQ13B,PJ3n2nqnubwWq_qLNS7TNg,,,
9JoPrdE8,OYAYRPuZoZ_WkTk3ZvisVw,,,
wmo7q7Eq,-i-BY37FwOsPeiq0hiYwnQ,,,
1m3M5p3B,8aVLh6rwt7YRV6JSkh49NA,,,
ZBEnAqOY,AjTXolL_1X0I88gBkRjh4w,,,
eVOBKkEj,rmfnEHt5vmS4CisPfBbuPQ,,,
9JoPn7E8,H8ORIIPAIVbp_CIbEHlalQ,,,
6VOpRj3L,tnv4e4T4O7ZeoYbu8wPCFQ,,,
JBEyXBO8,NyATJiuJdY10zcnL89x7hQ,,,
1JEbm7OR,2ZtdyoRci6RcR0QPGgPb6Q,,,
6Wo28wE9,isuVA4xsF8Qu2x5b4C3-qw,,,
1JEb4JoR,rDB4jrshuzno92A8I0cFCA,,,
B1oXabOV,DJNBZw_djvWzJhm01-jtZg,,,
8x3zVQ3k,W6uqEauUYoZ42F7dt08G3Q,,,
Y1Emx7Ow,e_prZLq4LiiB6vkXA9jTAA,,,
xWoY2jOK,k-pldUHRTCPiUrFkhmJgpQ,,,
1m3MrnoB,Wo_PLXr0tPtzDVPjGlTgVg,,,
6VOpj3Lk,xAk3PpBr6oOQojREHDdMMg,,,
eVOBbJOj,vyd27sd_KwTDLQfHilYFdg,,,
wmo78GOq,n_XDOpzVF7PBH0y-PzfnZw,,,
8KoAReO6,PA7qDO4kNL808DExFOgmcQ,,,
8KoADQ36,moaoxvVA4ubsodPilVQGoQ,,,
N6Ok7qOx,Jp9svt7sRT4zwdbzQ8KQmw,,,
WeEey6Ea,KWRE9Xszkwmd1k5WhUB7Hg,,,
qN3gjQEA,2YCTJoJrrgfjS9Zk0mHlbQ,,,
1m3MAy3B,4uU2nnMmjl2qCpbikN2Elg,,,
0ZEDAB3D,uMabw4NcAFF_nXs50ZBpJw,,,
wmo7kRoq,KVq23SRNryJ6sV6QizjRnQ,,,
WeEeNw3a,1spQBnxuEPLXcq0bcRzxrA,,,
Pk3wZKEd,pNg37kg_FJPA22kOCVP8Ag,,,
0ZEDj7oD,OhmqQgTKgthNqN11C744pg,,,
0j3LyLor,FMBUdQBYLXw4q4VT8wev2Q,,,
KAoKQZEg,j71buF-_igyOE9vpWAH3vw,,,
8xExBJo0,MStFTIhkI3GEmkLn5Kl4bg,,,
ydEjYdOW,jG5-2hKdGfV-bzmPvYgaag,,,
m0oWkQoG,_hliFe9ji_OTXiJp4ZXwHA,,,
Pk3wL9od,B6g8EowWFAD-vriFpZGIqQ,,,
0j3LBZOr,L4ERXsZcQg5Pk8IdurIbbw,,,
Y1Emwnow,2QKnTI30EL2q1Ztd_GrM9w,,,
0j3LmZor,t8FSldMl5Hv36TOVFeHUxA,,,
6K3l8q3z,0IXHxBDDneO0UZxOm45d9Q,,,
6Wo27GO9,sg0S4bk2gybvkW_MECU2LA,,,
ydEjP1oW,JnOTD9O60gA__8uy5fWldg,,,
wmo7L7Oq,a9t3Fj-H7NenTYklHMU00Q,,,
p038keEm,kP1oWndxlfNP1Co9L6577A,,,
rJoQPv3V,LJueJA5_1WEhnNRKw1WA8w,,,
m0oW2d3G,VtPEFUXRfwjF2pz-IAWmCw,,,
wmo7Z73q,4WUP-VcOvfOon7CSyCyBrQ,,,
xWoYbaOK,eUXdNl0fDY0eiVfaw2oh5A,,,
we3900Ek,6V83oTpxf6RRr9ANfjMplA,,,
XJ3remER,R7_CsBJvwadsit4QkchvMA,,,
ZBEnyGOY,I0MxH1z9Gt9b3EYfCBNzgQ,,,
we39D9Ek,6EFQD2IlaWFIgJrRnwJ9xw,,,
N6OkYX3x,vM9pvZLbw6Z3K7ErzUeCpA,,,
6K3lx63z,g273t-l61Q6gonkEfeZdYA,,,
B1oXl1oV,_yU6GKmtCE4Lg0_KfFl4zQ,,,
ZBEnRaEY,kPmDPhcA4ylMKgH0N7Nm1Q,,,
B1oXbbEV,LDYcMs-ccsFYgS00WA2YeA,,,
geEVwJ3z,DDpQYNs87KJELp7rMtR2kQ,,,
dj3dnLO9,K0WmsjUNJq0gz5KfG5qiUg,,,
wmo7AvEq,3FFTfeU_W7NrqEd168XZTw,,,
6Wo2Vyo9,HIL2lSB_j3r_B10O-1ErJA,,,
JBEyj138,jGlvZqtNSfqKjjjU3aw_Jg,,,
wmo7Gdoq,alAZkOEu8KNvQLOZ3banMg,,,
8x3zwbok,L7V5c63bWqwy_JA-4D3CKA,,,
ekE4L0E2,KaNPkXtlygTqOqLMDN8diA,,,
nkOvVMOB,X4bLzfS_Kak8KbsugI1yww,,,
wmo7rR3q,na22Hm1Q3tlGtqsjUY0Bmw,,,
WeEe6W3a,v4u5oD_NFFDd0tFsekcxcw,,,
JGoNNaoL,xkrb9sLXf8kJKsgueKwKlw,,,
6VOpYlEL,gYhc_mDxk2zUdpAlFMsiQg,,,
eVOBwLEj,WJRuFYZsHtlqa7Xs0WVqMw,,,
dj3d6rO9,Jt-yF5nNYND5j6imKhv-Aw,,,
dj3d8r39,7lgCNIHidrJ6febOhY21tg,,,
1m3MYZ3B,DfoAFLWjNX8oclNIfW3pbA,,,
geEVmeOz,KC9tp_gWw9OLFJ8Te1YDYw,,,
B1oX8moV,KjqDozXRCbCVL3OL_Bks_A,,,
7RO5XVoq,JU0Hts8FShbdSUCPMqre4A,,,
v5oJWyOB,jIuyGjGWAmkCQqfRiguMdg,,,
geEVqZOz,GH-sRrLQf_l5yTgxrWibJg,,,
0j3Lqjor,f87WXCUNiytePwIZKitE_g,,,
wmo7MvEq,wNKDHF7Z-8d3yj_SaWqdYQ,,,
Y1EmX9Ow,vNBYEh0Newu9ZRl_ErWaMg,,,
6Wo2YN39,aMZjT1a0yd0-pZYS9NBYhA,,,
WwOazzEB,gBKqBFKv37RRS7Y_Cp1RBw,,,
xWoYAaoK,zXIeQPGSfsWQlUiIWOPsTA,,,
p038ZvOm,95aqZ9JjUfwPcAqRvN6pCg,,,
0j3L8Z3r,Kj2LXpP_J8KUQ1Jnjocfcw,,,
ydEjW23W,g4EqHX3oOwhkAiJEcGlb7Q,,,
Pk3wMKOd,uaGGIjXT0bCE2ULkWIoPnw,,,
rNo6v6o6,gniHhSdp-E0-mq_zXTCv8g,,,
XJ3rpQOR,JzY4UCDSdCd3DMIpJ9sHtg,,,
6Wo2B6o9,_iSsxjvEgguKf43iQnaisw,,,
8KoAeo6Z,YHwsG3yBoDBHZz5OH2oBGQ,,,
rJoQMAoV,5dvNXvN9KOc37sIiquLeRw,,,
rNo6aa36,hZmJT_7qL6DClMnAuAPcwg,,,
6VOpy5EL,YZ04HrVMzME00tDw2Xi70w,,,
rNo6xdE6,Fy_9m7vVgOypixTj5FTjBg,,,
1JEbwJ3R,bfVpIX9wXPsl0rIE3jGSpA,,,
p038aDom,aW6cYsHSgW9uStnDH1zotA,,,
m0oWW2oG,PmnLtzqNnljI5cIxdB1gLw,,,
ydEj7V3W,a-DPaJrBpRFEGu8VviKJhg,1jZYnNhRuzLgdx0yfdkLMA,,
VpoGKvor,tyZ1q3MIy-GGXBUblvHuhw,,,
qN3g1QOA,4MoH6kS6Pn0frnvfIGiStQ,,,
8x3z9LEk,UNTiFFFsnOAjszFc6HazNQ,,,
V430w7EB,VRT9Cw185YDFT-HC5dIOtQ,,,
0ZEDKkOD,NTm0rhb3NnpHRLaVoeqXVA,,,
0j3LwLEr,61TG7OLi4LPQlc90UeygrA,,,
rJoQLG3V,99CdtmfF3SDTHpIT5y06Ag,,,
nkOvvaOB,5hcDGjyNvKfPZ6K5g_sdEw,,,
XJ3rPYOR,LsB51VPkcEK-ZEhYsbNvwA,,,
N6OkppEx,_mb4WhqwyH0kA5xSaQd8Gw,,,
XJ3rz83R,Vqg0wZt-DDxz4KDpwVHBjQ,,,
VpoGArEr,ccl4ndtIgtjU6yQXLG6sFA,,,
njoZD1Er,cAP0OVtHGoptaCbJBV0Bcw,,,
v5oJ9J3B,NUTk37gRUiCoK590DZvl7A,,,
B1oX9NOV,3sWKDXJoXK6DqblbAFO5DA,,,
v5oJaA3B,T6WwCuhT6T--lQ8Sm_z3ww,,,
m0oWBg3G,3snyw0O_H4Ze8O52m6EJMg,,,
Y1Em1GEw,lPXRbnd89e6aLotyhGFfAg,,,
wmo7nP3q,atBHpfm6PT2PFKCdKlchsg,,,
8gOqvAE2,dzWlRZ_D2_sOuGHQiKL7aw,,,
njoZqX3r,RYO6J_26YsCA0B0dx38hqg,,,
lnORkdEN,uH7Fdl_AV5evyo0pzUmcvw,,,
8gOqX4o2,Qxrm3p5dQXWbHttU-vrVXA,,,
we39Al3k,RTfM4QAW69Ib98mCoZg0cA,,,
8xExeV30,OVpw_wcB8D-QrWuY2-yOyg,,,
Y1Em0mOw,NOxXooahnQvpHoYKYTdh8g,,,
eVOB5Loj,9qE7_6PG-NyWDLVpoOX-yw,,,
Pk3wPaod,dTZXK0LviUVzRZLlmPeHww,,,
WeEeLrOa,thfRUBZNlc78AD3biio3jQ,,,
xWoYvKOK,Pf0x-IBHLeGKG4KyvcfEfA,,,
6K3lz9Oz,9_KRVbX698UZwzFvdiYQrw,,,
njoZKbOr,52kGqiCBaRaJQpsjqn1vTw,,,
WeEeKaoa,d6MtCso_FCwtJul_eEb-2w,,,
1m3Mw6OB,v4FOG5y8k9bMv2Ly0B2gzA,2RP-pDK7WG60cFu30jG49w,,
6VOpJd3L,OC4QWe0o4D3b9Leqyp-AnQ,,,
8x3z0QOk,a4bQNqkMT0mgR7Lp3iJYAA,,,
NbE1yJEJ,6PI_tUWJSBW5qA8zpg3_sQ,,,
N6OkLgEx,q_oPXQZQQULmDWo2erNvCQ,,,
0ZED4pED,peAzRMNYdZW8cL2cDYs2sw,,,
njoZZ1or,6IQO8dP40bsBDNuxiJDL8A,,,
rNo6PJE6,ECv0o_XUO_Vfa0DkTOraig,,,
we392Nok,H0mqWM3NaoBl2wDeXfUe5g,,,
8KoA0q36,bnVpW8kmi0MeAABcQtXnpQ,,,
6Wo2Rbo9,alfHV-81Vo7Ira6Wecm-cQ,,,
7RO5yrOq,8dHsRdSZOcqbBjzRjSyeHQ,,,
lnOR0G3N,dmWeueJo4iWXrqgpmeJOXg,,,
lnORNnON,adS5gdetsAO84I5Cer9g6A,JhQk0tiAIPyl1j2mpvenxQ,,
we39XDEk,Jryua9olKxJg-TFC1KAmsw,,,
ZBEnLroY,je4Xe9ydNRRlDd-tFOVnVA,,,
8x3zYLEk,4_m8EGJ5QgqTcnusZ21h5w,,,
8gOqleo2,pThpgTVGdxeniDSif_Vhag,,,
V4307qEB,mbN47gMqwWtFFuD2uoAX7g,,,
0ZED9B3D,3UVXNmD-0OTPr-6BBZoaOw,6nVC9ExNkiQLI8A_dMqLEA,,
eVOB61Oj,zlwT6JLTg1r5iWvF0MYeLw,,,
Y1EmPJOw,tznEaV_pUriH3JWK9lkh_g,,,
JBEymJE8,a-0My5xVhqyjJFZS-oDekw,,,
WeEeRe3a,xsqefHZWztQMX1FAWdqpcQ,,,
v5oJR8oB,0Uwhcv2z3IYaI63gYA3R8w,,,
1m3MpYEB,WZNe6-EvreAujfuNIUmfBQ,,,
0ZED543D,-l1T6N3FdzTG-Oavy7607Q,,,
m0oWNg3G,kJQ0f4ildGZ1IfV9s0WL6Q,,,
qN3gQ1OA,dJpEGt4Q5yp80roc6e-T8g,,,
7RO5wd3q,pO7PsRYpeUTVkP2-n3JKlA,,,
nkOv8V3B,IH1I9T_h7ynAMch9eXFNmQ,,,
p038yXom,khoZ3H7qnDzNSFlJrmUVVw,,,
8KoAwzE6,NJJuY1Iynb8uBGnD-8ROxA,,,
8gOq2DE2,_1_rcT2RLMRhAWcGqJpaKg,,,
8x3zGZok,U1OyyCcsAV1zdfmbotp0LQ,,,
6K3lLe3z,TDFTliRgAq6lznzG1_jb8A,,,
p038KvEm,CveIhw0rL4xVkt_sUy2Dlg,,,
ydEjM1OW,LpFfAhqlGdo-6mW_CN_I5A,,,
XJ3rXbOR,gSMVzEy_Pc7c06wj47m64Q,,,
0j3LK6Er,sD2coiH0oQ4YBu5nOCAEhw,,,
rNo6WXO6,BxIM5p03IcIcHQUUGlAU4Q,,,
ydEjJeEW,olr7OWVTHCbDgOcGHQ2KOw,,,
0j3LvDOr,jpWtcGHG5XFvtaHRJwCb8A,,,
1JEbpMoR,xhaFieWt2Az3GSUyzn-nzw,,,
rJoQkrEV,rBZxMpltwxiS74lAYuOu_w,,,
8x3zG9ok,IVpp4umu-lVpZRDtCNmWag,,,
geEVBEzy,gPVH2Wr4GY8DUucadNh_fg,,,
wmo7Vd3q,Gu3HnRS6X2-mJPNVZyD3sA,,,
9JoPR5E8,KSCWAhym4yhcMhNvaOwC9g,,,
N6OkdqEx,HkfAL4BUPv-CQEkTiDXUVQ,,,
V43067OB,AL5gIxKwkMra9PrNvC6QUA,,,
7RO5z6Eq,GuIok1t85ptZIFtfeRikAQ,,,
XJ3r0YOR,5DDVeOjmnMXgUNPyE1SU0g,,,
7RO5gn3q,OlEkpB9fpBHgJ0xHlRnbkg,,,
ydEjjPEW,NNzNPqHB08jdgU-BcCWIMQ,,,
7RO5aAOq,K8pMeDmV0uEO9vxNnUUbvw,,,
6K3lLk3z,cPmXKmmAq9cNRDcXLtgBcg,,,
1m3MqD3B,gALpeASLiFsziYmiYTS8vg,,,
6K3lAvoz,OY_RVMiYf3wIqe1bGz1LTA,,,
N6OkxvEx,fdr0uBrBvHVB2nhVGsX0Ow,,,
VpoG0wOr,6HkHB0YayMZin2QEgEHtJg,,,
geEVpBoz,G88k4yuXRNrCtOHtEH8AHg,,,
7RO51AOq,h8NKnLBYzFrASbmydbJEDA,,,
KAoKrB3g,1xNCp3U3tjh1AisKR0UVnA,,,
7RO5MrOq,IJh_hWr1R9JQ8NWy8RZ-qQ,,,
njoZlyEr,dTu7wteC1WHP-NzU42aT6A,,,
NbE1RY3J,6AcCQgMHUXqPzFLiSPD9GQ,,,
Pk3wX5od,IVAT6g6XCmCe1z3nE3SZHw,,,
9JoP9QO8,ag3QIkYbGPpuur3xOyt5Gg,,,
wmo7gboq,2xCFbj5q6hwhCgTyfH3QPg,,,
XJ3rvZ3R,iUGKzyobaZPg9KMCOqJS2g,iquagvxjjYfcZVJZTnVFWg,,
v5oJz1oB,kshlR2XNJdyNRsb0CSBvgA,,,
WeEemVEa,vE5D1PjdG0kKWX-bVod_wA,,,
6K3lW6Ez,CzZFeac_hEN6naVPqfKszQ,,,
6K3l15oz,622JfwiJImnne3e1iFiY9A,,,
ekE48ZE2,3V1ILT-ko_rP08q5gJ-D5g,,,
1m3ML9EB,QYAjtlXOyukHzmNA2T9BhQ,,,
9JoP47o8,1znmVAquIZyn3yeR64-uTA,,,
njoZ4YEr,wmGYlQm6IXycJ7rdph1OLg,,,
Pk3wvxEd,QU3zc-FeO_Bo155j-y6Glw,,,
p038De3m,ucZ_K0WMaxBS6lupeg2EgQ,,,
qN3gNgEA,midP-DlFB9T7W5QM7geGWA,,,
Pk3wAqOd,rSduHsG0O5e6NK4xbdn8Ew,,,
qN3gLMoA,yR8NGc4Kn_EjdxrYAPz95g,,,
0ZEDXGED,y_YeIHQvxijaiWIyAdlUMw,,,
njoZLBEr,5bvLzDjYnmMp47MxwZ3Fkw,,,
1JEbxMoR,-VZg-ucDw2aZgDc_BGyUkw,,,
wmo7QQEq,MxEmhStZqOmApfnxu4ev6g,,,
qN3gMnOA,d7VfzeMQLCQNRYke9Z5-Lw,,,
wmo75jEq,s_oYmzi0V8E3F3WPx_CNQQ,,,
xWoYqvoK,Cd6XEOeb-vJo5KoUE4jl0A,,,
we398lEk,PvuhIUdbironQ4zNbdU8gA,,,
1m3MGLOB,lfMjNKgM7iEcAvVI4pYguQ,,,
WwOakY3B,BynRpPoCulGqheobKccm1Q,,,
8xExzJo0,ezkCM6M0veLqVruBEIOdjQ,,,
rJoQA9oV,qoZQa7cPSuWiDWvmrYAMSA,,,
WeEe8aOa,5QDj8OwrJ4VLHrbuNzLlFQ,,,
6VOp1aEL,weYOuPh92oH1G-zTnd1vGA,,,
WwOaYnOB,qgnl_6a-mgtb1aZDY1md_A,,,
geEVr5Ez,MunvpbMj4zWntWvutQs2nQ,,,
7RO55dOq,dTp9jwBWLmRSPXHD_7-NIA,,,
njoZX1Er,CmhWVaHGCcDcx6RvuY59Xw,,,
WeEelrOa,q5X6aH32ydVHMZ5qoe9g3A,,,
m0oWqlEG,o6_36tN5EaWkrzs7d6XmZg,,,
0ZEDbxoD,g3mb9okPoX9hlobP70Ib0g,,,
Y1EmjR3w,GzcnvLq7a2njQxWyNyepUg,,,
1m3MWnOB,txYT-Oil_phLgsRgsmV-qg,,,
wmo7z73q,e0fQVclW_MIN6yB7lnoqLg,,,
ZBEnwG3Y,OIIuNAh_kmR2516UgSzItg,,,
0j3LVqOr,d89ZOtyZUX5A1S4ve0TVFQ,,,
8gOqBME2,ZP4dD0w8YNjEOgfVlxKy4A,,,
wmo7vG3q,GVA5cmjybj4JUi9h5R8EVA,,,
eVOBWeEj,Wl9pRPVB-5nGjyJde9sIHA,,,
1JEbnwER,41MN7KtpS5fwXktQZHXbSg,,,
JGoN2WoL,2W8EjHNVqr4VHMNN6y9b0A,,,
B1oXAYOV,vvX_-7x1EfBaRbJMgot6mw,,,
6VOpqqEL,nkoric7DYPuXV8Pio98-6Q,,,
dj3dkaE9,bj36OLf7jRidCN0TwdDrmg,,,
dj3dBLO9,HHjqMNunMg6uhtQXSL17XQ,,,
JBEyV38X,w7J1C6ECgkcxMHJfa4ERpw,,,
geEV8zoz,ESxL_65vHC5rc-A8p55ipw,,,
Y1EmvV3w,iqubgiDqYbdSbP7utF6AvA,,,
qN3g9nOA,acmZO_u_9ez_omPzK85YVw,,,
8xExWyO0,NL_SgFCTBYp1P_6ZD0-CyA,,,
Y1EmAEwG,63CjKaTYchwqUFfiBV-zhg,,,
JGoNRBoL,VC42tE5wGN3xuU8NwBZs-Q,,,
rJoQZWOV,n36YkNyh2LsousH8CpRJLw,,,
dj3dyNo9,6PPU0mHQudHwYeyoNALhDA,,,
WwOapwoB,YyF1fyBXCjtNuExOlNId5Q,,,
geEVaVOz,oes_GFGwp2aK186_e0UuLA,,,
6K3lQqoz,Swe_8EQFU_I_v56ZAb202w,,,
1m3MVYoB,LYrvNIMZoIZ7ypEX2noiPw,,,
rJoQxr3V,SC_RolJgCkt7xuPlawvVOw,,,
0j3LjLOr,pYFuL3oWBq6NOR6YBfQXRA,,,
6K3lg6Ez,Bc4ZKqBsVCFbkBGEL3bdBA,,,
JBEybN38,b7wVUhfRd-wNzIIywkYrYg,,,
0ZEDglOD,EJOtrpX2X0X31Us9j9xz-g,,,
nkOvDl3B,GSXZjjsepNzjpWd9mPNPhw,,,
we396vok,XwdoY4HpowSTHAp37YzhuQ,,,
8xEx930k,a90mBZY7y4VrrUZQkzO_Dw,,,
XJ3rmpER,MgRLD8cMA7o_7A-1cjRmZg,,,
WwOaXpoB,slMmEIy5n_UBwxyCEpd3jA,,,
V430PA3B,bWcXru9JiEgVN8g1QigeKQ,,,
WwOa7d3B,aiPbrwibPKi2eCRFWo4D9g,,,
Pk3w4xod,lCaOVuAXUuaQFQMr-Tf0xw,,,
Pk3wnaEd,J_4sDdzq6XctP0DMtb4_9A,,,
1m3MdZEB,ZvKpdBVDgdD4SZBgriIpLA,,,
6K3lV9Oz,3trVGh-O7fSf_lmB_kgtew,,,
Pk3wbKEd,m6MNif_bo3KqlUKasxCGYw,,,
7RO5d6oq,wOOQ70uZ-ekV8QbDE6cYwA,,,
WwOaJNEB,Ont9pfPmKYQKUHnGy_m6qQ,,,
Pk3w02od,GAdqjmUmn_ibbfvo0wArIQ,,,
9JoPLvo8,0Zz_MtYKgwiq88bWbKWMnA,,,
NbE18JOJ,SkLwwchuPClWY6vwmQLV0w,,,
wmo7Nv3q,8wv7c48nFMCcfpioe72iRQ,,,
8x3zrY3k,Cibwz9_Bdwwl0Mu4TRCyZw,,,
1m3MmD3B,QHU31uh_94QXoFy5CSwCsQ,,,
we39brok,Nl1s_4A_U9KmqiVpuM53fQ,,,
rJoQvaOV,QyEfD5XPbAEO_iHGCMprZw,,,
geEVDeoz,lO8ltkzXkHQoQ9Zzq1_iJA,,,
9JoP60E8,H10Zp0Gj5w1osmR2ID60UQ,,,
Y1Em5WEw,a4qKfVBk5HoUfVn4SZvpWA,,,
B1oXP1oV,MiJtz5-WE2vd4f-tWoUKbQ,,,
Y1EmzA3w,zuRj4B_6DG0Xpqqu0iPWaA,,,
Y1EmrJ3w,aWXG1zMM_dslmlmmHU0ufw,,,
B1oX4boV,CdBOM-FrzySjVF4HYA7wEg,,,
B1oXR1EV,WQo9jMeOf9ClCkAnc0Q5EQ,,,
lnORRnON,epugYmyqwwtK4qogHb9OCw,,,
rJoQNaOV,q1QPNweOfqRw_HySjTlA2g,,,
we39drEk,_AVQE51IvmHf0gsnyLNPMg,,,
qN3gx0oA,-Jh6xjeYXCgECsyJ9D3MpA,,,
NbE1nR3J,QVQ1TbwqCT4EyOpWfSItKg,,,
nkOvn7OB,tBF6lwNEOlN589H5U5kpkg,,,
KAoKz83g,s9DGAFIU1tPaI_SQixI6XA,,,
8x3z8ROk,_989gUxWuEPyufzez6PFaQ,,,
we39JDok,aJ0zKKKHh3Z3YpbO514MPg,,,
rJoQpa3V,XUK-xlELFx708DEeK2V1jQ,,,
JGoNgyOL,bmSK1CYtS3vMsRTFS1K5lw,CSEEeBLX5C-5IV_Y4KC_IA,,
rJoQdL3V,8v5r2Gzl4mSCYMparPvB0Q,,,
6K3lp93z,Y2gUa_4daaCNNleXdT9XSw,,,
Y1Em7Wow,QqeKwjGd-m32yY-hl_57ww,,,
6K3l5voz,YyOCh33DuCzUXKQ0Ply35g,,,
NbE1p8OJ,txa1UldUsrWQ0mU97hu6mQ,XRqWRp6By2VMscC-s1FYRQ,,
rJoQa0oV,M0XhMif_y1aBZTSilkZE1A,,,
6Wo2a639,7CgtuoDb7jenH44kYjksLg,,,
KAoKmREg,dZpvC68Ln0vmmyb5IxbhhQ,,,
Y1EmY7Ew,vzQTzTT1CelY5tjGpb-RkQ,,,
8x3zWRok,4Bg0ctpZNHS3UkdJo3pVEw,,,
9JoPZpE8,1CUFVwVgNyaKz-c7DzhKqQ,,,
lnORPD3N,2ruIEdvWfleNXaVtjrtY2g,,,
8xExLBE0,ofbANc1hiZaF-t9TnnoBNw,,,
dj3dl739,wPUi8TumBD682Hhq2y4Guw,,,
B1oX5DOV,hNErRbWB_ooUeJ562h7JIA,,,
njoZXBEr,VDmxbcPOE2rj9cAaK64JOQ,,,
0j3LgvEr,1U7_owd2auEqLYZ9hTE6Rw,,,
JGoNpdEL,lU0P9d4vEJXLF6yLBOCsRg,,,
we39BZok,GcYMN94gaEgvQyFi9mpCSw,,,
njoZaY3r,2hdEg88EI64rWmtNOpnOrw,,,
8xExpWE0,K3IcmIi1fdW9RonMROUUbQ,,,
qN3gGM3A,e8N_cDo42AjScL7tO1uw0w,,,
ZBEnjpEY,ahXh_ecDb1EcBGM6xpCIbg,,,
qN3ga0OA,hW0eKZFXn5ZH9BxFUPXqkQ,YGOEuuebWut2Lzz1ASIXMw,,
6K3le8oz,VrrZkqwELSV_FumLhj2G3Q,,,
eVOBY6oj,1KFT34vhDU0Ya0jCXtKf5A,,,
we39993k,hMbNNzOp6WJM4dxWMzkj_A,,,
ekE44YE2,uhlPmG9rhVF7BLexJkvS2Q,,,
6VOp9aEL,9WuqlfBkpEAzvxuTboAEHw,,,
nkOv58oB,n30ARamDDOW-AjujUnO1Yg,,,
p038JvOm,D2ub8gbgMkJBKMucHFqquA,,,
v5oJlBEB,uavGiBoV5Zt2X2egEz_LWA,,,
njoZ2Aor,bSZjkZQ0sud1NTZDt0YEOg,,,
rNo6G0O6,M7UnQR0wvLq7sZNhau34YQ,,,
6Wo2jwo9,uRJmtOLhMex96Xs0V24leg,,,
xWoY7dEK,cEQseQoCN8EWMC53F0uDYA,,,
1JEbN7ER,1NRgck4-Jr_0Fqxqe6DMhA,,,
XJ3rBW3R,YkwmqzzIxGg8WoEi68Gl-w,,,
0ZEDBxoD,NWeiDl30SoXjsd9uZnbbHw,,,
eVOBGeEj,m_Gub1g-9ka6IYPTcQJHcQ,,,
8xExJeo0,VFUXAbvMUeQu8NWM_MibGw,,,
Y1Emn73w,8h6wKWtjaKsL4v_2jDEYvw,,,
WeEewmoa,NIB9DZuyKNmnBq_IKav3JA,,,
Y1Em57Ew,jFRcI0N0n1ofTnMVFapjCA,,,
p038pX3m,3Sveq8N13wTQ5ivjs3YFhQ,,,
7RO5qjOq,IPOVhKA7WhwOmmH6aFUIGg,,,
eVOBreOj,p_u3NJph2oyJPggB7Kt6VA,,,
geEVKJ3z,W61HaegwC7_SeewjRZ2OUA,,,
Y1EmDnOw,SWh2iQPYsxDQZYDhaGVw0Q,,,
8xExGBO0,o5lANHL7OP_2HJVDul7X4w,,,
KAoKY6Eg,9LqjePp-tUbtgl-Bn9gk1w,,,
wmo7BG3q,GGwaw4WgGhU-26Z-M84muA,,,
we39yD3k,8gk4JMYrd6Ak8MfmsDWyWQ,,,
rNo6n6o6,3dR3ksCre2BkocWYOrBvJg,,,
we39193k,QT5Q6cuIvMlpJIYDP-e6dQ,,,
JGoN6YoL,vkuBAD2yarOgLHOyF18mzg,,,
rNo6Zqo6,uJjWNq_fhBmtb39udLu_ZQ,,,
JGoNVBoL,ojL7ms-VOUwcolA4JA4ZFQ,,,
1m3MMY3B,uBVW-S8me8Bocp-J3H9t1g,kIg2UtKh3u0tIHFV9FdMGg,,
WeEeJr3a,rTgqAu9i96yxhGxzL-1R7Q,,,
8KoAMQo6,dseMFvWQ3eEZouqbM7kAmQ,,,
VpoGldOr,wOthCOEu2-BsaI_PzWzKZQ,,,
XJ3r4qOR,jUiB_uZudoxLA_PdqWKeow,,,
rNo6ma36,y_9JlEzIeMR0C0YFCHP89g,,,
p038WXEm,ktFRQXnKdTrcaQULQBVroQ,,,
6K3lKkEz,W9n-aAYwoeERBVqhLrexkg,,,
XJ3rnY3R,iUoD2zZ6fxF3-WZXwSkdKg,,,
JGoNa83L,VlQYVd7Ap_W3_3XHiDMJKg,,,
1m3MRLoB,dvnm6-rNm2yytUyJ_2xjlw,,,
njoZ9y3r,X078xxpXgonlfzlA6nUPlA,,,
we39KlOk,5ioQOPvZFvdzAe9Cm-jjfA,,,
8x3zpNOk,s6pohtQXtKENs1k9FKBAZA,,,
1m3Mep3B,uu47xfr3aaCwE_895KHf1g,,,
WeEeAWEa,JDdGkan6ibGf1xJlH7K1cw,,,
qN3gw03A,_gMWPSklRidqZzPOaqVkRg,,,
NbE1PkOJ,KkG17ApJYDtvLNlKsT34XQ,,,
ydEjKB3W,rUhsie3C1QJMTe4hrZPNeA,,,
N6OklmEx,zGcIAqLmOBQPTB4DQtLKWg,,,
0j3Lpj3r,sFDxPtdeUr8FT6UGTjlLUA,,,
1m3MYb3B,bISTDLE6kTz_08wYQJM0ZA,,,
p0389Gom,H77mWNpIoM3L6RdgAcuJnA,,,
we39vDok,zT1HwBjp-iAnmnWK_JHSxA,,,
JGoN4YEL,S-bVzR1Qyr4lVMItPqj2Nw,,,
JGoNk8OL,_TsEN_c7E7Kodr200cf1NQ,,,
B1oXMDOV,geJzs2U_duK3Q1JYcX-l7g,,,
wmo7ePEq,-Xjordyu-qdb097aNciedg,,,
N6OkKQOx,75dtVyDb8Sfwb7dR0cBvdg,,,
6K3l83zX,rpGuGU8tg-VTUy2ndbqGuw,,,
6VOpNb3L,MLGQ1CXTXp6D-DLmccc_Fg,,,
B1oXYqOV,1sSas85Paby-KqM4kexbKA,,,
qN3g0goA,G5QEyeI1DIVZIf9Gm1TVAw,,,
wmo7ydEq,BfPKrRDzpeQsljyxMa5sSA,,,
v5oJxBEB,6Dg95s9RQXOJHqS4OUAG3w,,,
8xEx8yE0,PtWuAKY9x4X4rKUq0Nvqpg,,,
p038RaOm,EvkMkZ00LixG7BsRZSN2Vw,,,
ZBEnQaOY,hxvkSECHGiVi_UkupMtXCw,,,
XJ3rwWoR,iHZp9W_NSxaiKjbNnfx1Jw,,,
7RO526Eq,E5k7dSdKCSAY3l4_GoEhaw,,,
JBEyQXE8,7_HfMVlKLMdfvOfkONiPEw,,,
V430YloB,8cb-OZt_6qlRZ_w6OpwjwQ,,,
1m3MNboB,kAWJOG2MFeyA7BOCVTEU0g,,,
NbE1xaOJ,VojhWfJ8fcVm-Acb_VFwnQ,,,
N6OkwgOx,P90OtgrauSzYTrF41z7p5g,,,
VpoGnr3r,belUUe_5ARDiNMAAvA-hFQ,,,
nkOvPX3B,fwhsxvsvpKNfgX5omOxeRw,,,
8gOqke32,-B6GJwKCVc-OzbdjhhGKlw,,,
WwOaqBOB,hwr37nnn9vM7zbc5akotIw,,,
ydEjXDoW,m1prTXwpdFRWSjmZjtir4g,,,
Pk3wwK3d,SGtrSwIBaWLVtqgmaEB_Tg,,,
wmo7R73q,3AYFYbSFlqlW0PJ6I4OSXw,,,
dj3dP739,caGWVzPH8K1KnwMnM5_atw,,,
ekE4N0o2,_kKbr4n0qkZHhJ9hgqEpHA,,,
njoZpBEr,6IkONY-TKHanUrCiZCNCDg,,,
7RO56XEq,g3-gEZOj3UwHLpFe_Cidhg,,,
0j3LAZor,kOm4rH1wm3zmZtyibxN4TA,,,
1m3MXYEB,zvAtXIU5xd0SextAf5g-Ow,,,
V43016oB,pnShf7WBInpO0BcxdU_LHg,,,
0ZEDax3D,IR0JDxaaj0LvlngmBSz_0w,,,
NbE1ZJ3J,2PSHg5xMdBLTarRGGCCzTg,,,
6Wo24gE9,Dwm4JIJpVL0jg4X4oSXFqw,,,
7RO5xXoq,4TncyL8ipl3Xha2Tc2c6hQ,,,
rNo6DdE6,pf1vdxxbc9GBx3u2TkaCBA,,,
p038NGOm,HDNruD8TkRfYQKPx3KA58A,,,
9JoPqZO8,Nb7dRR6ytDPVA1Nm7FVupw,,,
B1oXQbOV,qmnZ9OLYxTXPE087G686_g,,,
Y1EmG9ow,hg5hTcvjNRZsldsvZT1mPA,,,
p0380A3m,qjgJ-UbhpwlIG5bT_E5uMA,,,
8x3zDbOk,DMWDTN9THjEToULGRhC8wA,,,
6VOpbq3L,pn91jhnSxCuUgJ94f1tThw,,,
we397lOk,IMBstkmVEMrK61LVm5Fxvg,,,
NbE12N3J,3MKuOTsPUZ24DepKBvUoyw,,,
njoZkBOr,ZQROUwE1uZkWZ8vEWTKmjw,,,
6K3lG5Ez,i3JOrO3omdKWL0hjMoEynA,,,
N6OkAG3x,5B0wQAG0Be-v65oTWstqdA,,,
dj3dJrO9,Cfklt_XYr0rwHdEEQwBrrQ,,,
9JoPyeO8,iDXhIur2XxHW-WArUvqVtw,,,
WwOarJEB,Ac9gl7dzd-lYvsbYOxV_7Q,,,
N6Okrpox,eMYnC1tNRTD5fNHEhAdfXg,,,
ZBEnpYoY,EogdYZMOzqtDyNNPJDkFBg,,,
B1oXpYoV,GItsDlXbIzMQAsAIq2ib1A,,,
NbE1Ja3J,yyA45263J-aIpWpB3iMfCA,,,
rJoQX03V,6btdEYVerE2ntcDqpVaGFg,,,
m0oW5wEG,B2GQsPae5qKXddGMXk2BjA,,,
xWoYMGoK,3ec0du2rTBaKwIGSTM3N3g,,,
8KoA5Yo6,C76MZkV2DsH1MJZzmluFSw,,,
7RO54Woq,hGqHaVeKuK___6tij36xCA,,,
8x3z2Z3k,-aqL6hv7-X4gs0WXIQVd_g,,,
1m3MJDoB,EAZuOlZyYZE2_QRxN7WsUw,,,
JBEyBW38,puhv42S66rkaVSVK1Rqtig,,,
Y1EmbA3w,3yEeuKA_cwHH3GDMDeIDdg,,,
JBEyJ038,g1e3LjVY1m2Jk2pc9Alk2g,,,
v5oJgrOB,wk2CmiHBOOMEJBdqgzScVA,,,
WeEevd3a,F14qL4VRQ3Ewc5uASeidNQ,zUjfvOypNh8YBiPRwU95zw,,
VpoGLROr,jLOBjtz1oQGTIK6DV23XQg,,,
dj3dB5O9,RwoZONAaH4WXeGhrko0fBw,,,
ekE4az32,SGAo-vR3jW0jW4e3Ya9Ruw,,,
6VOpdlOL,kAnnSL3sdlsQnlOML3FWuw,,,
9JoPV5E8,1aoqivGnaK2l5fFSw3sb2A,,,
xWoYjgOK,0dCSXxrPL52684W1cyDuKQ,mYlMDXBdYYcuAJlfsTL_Cg,,
xWoYNjOK,CLHTy0v9l_qnJlGQiIvwAQ,,,
8x3zNN3k,1gt36W9AlOt8LVb8AylKVw,,,
xWoY093K,EoHKFmYBC8N0MrSmvIH_ug,,,
we399N3k,tlrPCEVvSpcH5n6S7vBVTg,,,
WeEe5aEa,KpGUuNllsQ1aQ8YZUCydGw,,,
WwOaww3B,ibB-gWMeFvub8nVS9EozjQ,,,
1JEbXYoR,C9juniayTyjR4iITELxmOw,,,
geEVzzEz,S6bogIOY8aldoy-ETYzuEg,,,
6VOpnd3L,9OHc9Z-jjvRrfBRtdvRd9A,,,
6Wo2bYo9,0d1KH62BWiIQOalN2RQ69A,,,
ekE4eK32,HIiqzOi9NMPEqNaAgK_0Rw,,,
nkOveLoB,ohUNAzm8XuKerGp1ASUuuA,,,
1m3MxLEB,vjqhEE9fI_tZ9EkwIK-RPw,,,
7RO5pnoq,8YYxGRnhBrZ1N9-GTKF4Ig,,,
nkOv9woB,lQ_ENdRoUdoOgj8fMkLEKg,,,
nkOvLx3B,mDD1PE14eHrl2ix2ddaBdw,_Dk3A_GMNyfZE4R-CH7-eA,,
p038ZeOm,fYWIxI6kwuVqpPu1I1baWA,,,
KAoKGRog,XM1bi1co-b2xXsC6o_7KSg,,,
B1oXz1EV,OGD0K0hw7H7TD6A7ojUX5w,,,
XJ3r8JOR,GshOkfZN9KWRVDiIaLsuRQ,,,
ydEj81oW,J3YdrfeeSpq7VwQf8fjh7Q,,,
WwOaRzEB,LaugUEDfWew-yrF3zxy-7g,,,
dj3dzXO9,5quznkVENTgz60s1i13llA,,,
rNo6Ag36,vu-2-KEaAL8lYQwF1M7aVQ,,,
eVOBnpOj,HiLlDwTOX2wiLFCbqQ_KUg,,,
wmo7X9Oq,-gps5I5aJTYMGUfZYoe5Hg,,,
xWoYraOK,Pt-mOziZcy6aZGct9NaqrQ,58UludhynVY4pfXO59KohA,,
XJ3rKZoR,yNEFQ4PmtBPD4DbB8-HNow,,,
8KoAKeE6,RJunWxEPRmKeGAlJsYhjSQ,,,
Y1EmdlOw,6ID0p-_CDwv7Z9BWnuygrw,,,
ZBEnB2EY,AeVn-khkKu4jRZZDOmD9AA,,,
ekE4zo2Q,QhdvYxyO33N-UG4sK2fgXQ,,,
KAoK96Eg,W97zhUCKL_OFEwplDwqMvg,,,
Pk3wBaEd,wMn9zp-bBFfoS970LOLNHg,,,
7RO5mnOq,c4uwN5IdGAhSW5Ygkc__bw,,,
xWoYPr3K,wYl3n0-9GOCVpOl8qoMlYQ,,,
eVOBqJoj,-Y6LR472lNHGG9IBlG6U9A,,,
VpoGrg3r,nFfX3_TTe0wzVxUGVTjdLA,,,
B1oXk63V,-2DW8dE1S0eu48ZnfJeAGQ,,,
rNo6gqO6,cNCupHN8A7ldHTH1Ge6aYA,,,
8xExKWO0,StL7ctNldAmPWpwBGSOTHA,,,
NbE11REJ,W-IgsN3k1Pq5hXseYeHtpw,,,
0j3LJqOr,S1N9E2kA3lxYeg8ehgLbbQ,,,
VpoG693r,AJGeImJ-h_13fsfMonqnsA,,,
rNo64LE6,jUzu-saDvbaEP6sE3HhYcQ,,,
N6OkGOxz,7L4nyg4fGloeqMXCq0996g,,,
ZBEnnKEY,ClGSIJl4ucHOu-5CaOdXTQ,,,
ZBEnJpEY,ccA66yxo0md4cEu-QZKF1Q,,,
VpoGz73r,KWBo7qtga_eZ4advqIv1Yg,,,
N6OknGox,rmB1dIKBIvBWUbQNy3IwrA,,,
KAoK58Eg,py1UkzM_qMQ2McG4iMt63Q,,,
WeEeGRoa,8lcFf9xpZJDJ6gprLpZUVA,,,
1JEb9mOR,KudA4I2A6Fm-gUT3n4ruMw,,,
rNo65X36,b0awxRphYVP2Hj0IRJIiCQ,,,
9JoPz7E8,ymZZHLFfGAHGVEOzJFCz2Q,,,
6K3l2KOz,fWVyELwqAlQuBaUKUao5Lw,,,
dj3dz7O9,EAbPXPeiPRcnbByFnThgkQ,,,
B1oXXboV,89igCgyb0s1ue5A-m1m0XQ,,,
XJ3rj83R,khumsDJL-XRK23LFl-xdMw,,,
WwOaLVoB,ma3qnMCue965_UI-56O4Pw,,,
p038Pz3m,26icQIAvAOmDcbC_h8U_9g,,,
lnORLK3N,UMSwEeTTJF512vzQ3d1Zag,,,
eVOBJkOj,JujBVdGu66Ywp1HQeiXR6g,,,
nkOv473B,8Sp8DI-G3VKkvkQY4-DK5g,,,
0ZED0WED,72VT9KIsJ6ZJUo6wabbH5g,,,
8xExVVo0,YhyyeCVHbaDidVw4JcM2ng,,,
geEVveEz,NuS9vKwkKOJKEZkN993XJw,,,
v5oJJJoB,abGK-1ChpNRau-oYEL4ZeA,,,
xWoYavoK,J2yE_lfZXuBDtNGdehdbTw,,,
geEV85oz,VeZJxTt0scI2OeKb2lWWCA,,,
V430RlOB,qenTgcDmv8EtvuerVIGc-A,,,
JBEy8aO8,i_eMPtjjg_2InJJV2BjUXA,,,
6K3l7kEz,Wpa78xesKNRWW_huS41CAQ,,,
rNo6Qa36,dWaKSQ0ldxG3SxLVZ_R_4A,,,
7RO5vjEq,y3dS8W-KK6BZ17vZVFEmFw,,,
9JoPv5E8,rD6xRivAZE93OJxGVo6pBA,,,
JGoN7bOL,7PmOr9DbDVB9Zn8wvMfXkg,,,
1m3Mj9oB,ch7iBhK_PBtGF4uWSEd0aw,,,
6VOpMmEL,VfCfXURs8bLjhzIoesU73A,,,
Pk3ww93d,rMEfTzepRZucM_j7sFveKw,,,
8xEx2Bo0,G5cZgcmTM0o_-6yeFvWCfA,,,
geEVDJoz,aq7yU_bBCBZC3czD7kLMPQ,,,
Pk3w2qEd,ENJjz_9_CC_rad60dRBfLQ,,,
ekE4kYO2,lZweK7IhRU6HLdHqjX_ZYQ,,,
m0oWlJOG,Vrmm5Pxg4VAJolahPX2vIQ,,,
VpoGRA3r,SYC8uGo3evu0bfs8ma4hAQ,,,
KAoK16Eg,Dj1qzetm9ULJCKQpoCDKfg,,,
lnORlq3N,VZItQqV-ye5PkgVDUiwBfw,,,
1JEbzJER,Ri__aF98mVL161qLp8Tv-A,,,
0j3L2NOr,tsdXF5fwxbfVd2ESHGQrlw,,,
dj3d2KO9,kmN6mffJggJ7AyPyb-EHGA,,,
ZBEn2WEY,LnBUaeCx73453ab-wXKdEQ,,,
8xEx7eO0,NCWIw9jzmYxtfEoPqUfbtg,,,
njoZxAEr,ixMPsVRSFXfQzu2mTeExjg,,,
KAoKbp3g,LaQ3lSH_cUBjvnsQ4CUNrQ,,,
eVOBX13j,EhBOBUBzytxD22fIz1piJg,,,
V430423B,g5bVVJBvNHj1yVSKu8o_jA,,,
p038YGom,8m263dN_TCgWN1f9qzH2mQ,,,
we39G0Ok,CyG_hN7zHomxZsKsF35pKw,,,
VpoG8vOr,oFqVknI9HWgs6XxQGn-EzQ,,,
N6OkgKOx,6dP9bgyQ6f7KzhAeLS-rlA,,,
qN3grzEA,ZACOcmCM57C9os7dQ53FYw,,,
ZBEnqvOY,diQYvmIUEo0rFPNq_ts6Bw,,,
1m3MJ6oB,1LTXWnp_EXvBtUkKhcBd0A,,,
6K3l95oz,stl4GU9U3DfCyzmgiW5Heg,,,
Y1EmeWEw,UBC5el6SsBbAnw4tIRXrpQ,,,
7RO5edOq,rfzGK0KfIsdJEqowQa3viw,,,
6Wo2y539,Aezb1dATXJgVFhO8VBRL5w,,,
1JEbYwOR,98GlGMAeS_1p7uiOoeqwzg,,,
dj3dmKo9,jpkgsvEgcgeTB-SRYNi_Ew,,,
8KoA76E6,9KC1_7Q7hrdAeFU8Ait5Ig,,,
wmo7nd3q,4TsWnE-sG_tsKjS43m-I9A,,,
1JEbR4ER,I48VP7lrUToKaJGRiz-X5A,,,
p0382zOm,4NOhHvSVPAj7_hsTZ-vcRw,,,
xWoYVGOK,clxMXfVlYfUKtvlnjJsLMw,,,
JBEyPXO8,dtGIasvBH1BCONExdel82A,,,
geEVn5Ez,dAzuKm3MLP1HOuSQMAXOrQ,,,
njoZaA3r,TU0w46oN1e6Vsm0IA7TEsQ,fZMtFSskmBDiZ73y6Vlaag,,
6K3lNvOz,LK-S-JXsIbGAeBoiXt0hIg,,,
9JoPQZO8,lUzAeXFILjnxNN1AhVersg,,,
6Wo2XwE9,1sTikFYBH0LGM_Zqd1ZVnw,,,
XJ3rkJoR,LDaeQK6c3ktbBPmZydA_FQ,,,
xWoYJvOK,hYltY6Yn7LvIEoeBG_ZOrw,,,
p0381vom,xrEw-9RSHFGYR0IrPj99yQ,,,
geEVz5Ez,nrWDE7emExLDiE89oAabDw,,,
lnORxV3N,4J99txTo6hwWJjx9ZqfzQw,,,
p0389Dom,KJBdbBzT5tFvpb0AoY-Q7A,,,
0ZEDeW3D,PqIfnLTmC9Xd3NDCOTRL2g,,,
p038n4Om,6uUDnY2D8idHoMiLFexpxQ,,,
V430Q5oB,r7cLgMPYXO-MVjPJqrefLg,,,
V430D43B,hhlRoXIfDxuPsRxwpYr_WQ,,,
ZBEnxaoY,tiFfG3SbECckzh_NP6uY7w,,,
WwOamJOB,ckjFM984YvZkj8nvudq15Q,,,
6K3llg3z,BjOTuKqM90bPzNLp-rx-rw,,,
6Wo2mV39,i8yPc6RfnfapDC5dIaxO9Q,,,
Y1EmymEw,dRV_m3e__n7RoPtF-d_FiQ,,,
ydEjQ2OW,QAhKr9ICwggNpUfjB4VUGg,,,
9JoPY7O8,bSz6mzaKvSRnVr1l9zszmQ,,,
1JEbd4oR,9B8rHn5hdk1ybloRjvcMmw,,,
we39lREk,6E3e73_VbVG4biPBQvcnog,,,
ydEjLgoW,GYCRSBBNkanEAtUJlvO3qg,,,
6K3lGgEz,AOG7dLAoAygmJgldu6XouA,,,
1JEbGQ3R,owMRTXFogvFZn8Ipi9DVug,,,
1m3MZYoB,aUF95Gce1dsnzGCVpUos-Q,,,
N6OkRvox,yEL5SRi_Wnbcu--Dc7EHPw,,,
6K3lvqOz,h4w1_91nEC1TjPQdTuSPZg,,,
m0oWLPOG,0eLxW44s_uTo39z9p_ZL9A,,,
NbE1mzEJ,0SjgUb9RF2y7ew33hc6Wkw,,,
JBEyMRE8,LeQdmzwBaG7VnDlRbHKuyw,,,
lnORYqoN,leMVneUc1pjKLFuQagq1dQ,,,
p038rzOm,Vm_b0_Odua0PTNpojS-uPQ,,,
N6OkXmEx,Xa2CxXPUld8NvsbPcrbO6Q,,,
V430Lq3B,jn0YJy1c1aSOfH4QA7qJaw,,,
geEVkv3z,JENjTUvaYmuxyKR6E8Pr6w,,,
8KoA65O6,jwxwTSNS-NTmTMQRJ1E2LA,,,
9JoPwj38,aHVNAy5KWHZmaTDlYjn1vw,,,
nkOvZZOB,Mu1qBZfBI4v9yB1zOsMoRA,,,
we39eD3k,kznX2rZvohVVOPgSC4bQgw,,,
B1oXLqoV,eGx9ifL1i4tvlkFO6RqgTA,,,
8xExk4O0,0bZ0kpqHyKIOzsKCn77A4A,,,
9JoPge38,TyazmhDw1bCuaxGheZ2Q9Q,,,
we39kZOk,tVjq7EJsS8QfzB49hG0wvw,,,
6K3lkeEz,4Us3W-d7ivdW4JKitjsuAQ,,,
Y1EmBV3w,T7PyuqEWrC5S3xmkjfpXAA,,,
8x3zPZOk,jYzuIjpnQfh0yOP15oDfjw,,,
Pk3wr9Ed,5HaZ9Ge-nhPS25jZ4f01WQ,,,
nkOvblOB,SB13LRfcd0yYg1UwQaw0Zw,,,
NbE1vJ3J,uNYFjh6TiJm7cIfwwZQ9YQ,,,
JBEyqmE8,bTyLAmzTzjjPQmwDFcjtug,,,
p038BDOm,IN2K2xvfAwtf6zYTHN5Rmg,,,
0j3L9xor,PZ7Wm5MyPKWukLGYwL58Cw,,,
qN3gvnEA,sMrgQD2dYrvbe6VoZubSCg,,,
rJoQqroV,ryx0GX1zAnmOq_4xFwIbkw,,,
v5oJA83B,VSitWuLlGrx1Gy1VMs1xBA,,,
ZBEnNqEY,MCZSt5R9SPDPpfSKoPKoBw,,,
xWoYYAoK,xRR3iY69e8ZPkRPRFYYrqQ,,,
WeEejR3a,YEDNBMvMVBhue1pLWPAVOg,,,
Y1EmNn3w,IcJZQoouWR6-AeDI3JpnMw,,,
m0oWZP3G,YJHFaiKPJ6kL3E1iXWLOvg,,,
6Wo29y39,URfoz2Srr7_R3THMui7qQA,,,
6VOpDlOL,6tuFkCbvGnmMk5BiEbquUA,,,
qN3gW13A,qNGfTF1kroJG-8kAvpAwCQ,,,
rNo6Bdo6,tdFnPWZwx30f_EvyehKGzw,,,
p038qgom,3eGuOcMQSPBoKruV7wUrIA,,,
V430G4EB,EPfBdEh4XY7JFD47u3cSAA,,,
7RO5RBEq,X18TeuHDnvYfD34Ns8VgtA,,,
6VOpLmOL,-txjW5YdAoOPKRphqZiUaQ,,,
NbE1jm3J,0D-eN8XIcbz_A3VS2-hS5Q,,,
we39yR3k,UAxORxcDQqKoPKlSfUASKA,,,
geEV1YOz,4oeoDUPJP1J_1Ldtq-WSDw,,,
0j3LMDor,dxaORYbZixulH4ItIDuxog,,,
B1oXwN3V,ajyO-rTvCsVxBUYusuIdqw,,,
V430BAOB,ZLLxaLilklmIckPc49T9Sg,,,
1m3M0bEB,W3Lfq_Cmqetp1f1AeupM9w,,,
njoZJorY,Z42Z6CjMZnAJoB0_0JaJ2Q,,,
m0oWVd3G,F6Wqv-ZTFaIASuBpUOIeEQ,,,
9JoP1QO8,OZfUvKIE7tfi8tM1aT9PXA,,,
v5oJZ8oB,YwVrGJGxJrvanvKCPQyyQw,,,
dj3dNLO9,t0w6pqAna2Duw9jgetbbtA,,,
WwOalJoB,Wa3GH8SXo-V8F_yJ_-Coyg,,,
VpoGqdEr,0UGyyAjJ967WAo75JGl3mA,,,
0ZEDMl3D,zoyBSoyaS8lVsnwbBtggOQ,,,
m0oWyPEG,HnBar6T9myN3VM0GIyOJsw,,,
WeEeeVEa,a4vt2ruDG8VVmDHoLIKgag,,,
NbE1dNOJ,Zuf3DlZW3BJ7UI_-tsrV_w,,,
ekE4WLO2,-DN8tlDXWvtrynbfDuSRsQ,,,
ydEjV9EW,0y2-3Cuw6MQQmr5qZ5_Iqw,,,
njoZGbOr,ZJ4f7SmIuy0B5yF0btw89g,,,
p038VvOm,jCoRGgjp_L7MSeRK4kUBqw,,,
9JoPkZ38,MuoWv7cZg_1AruPH5gFRBg,,,
B1oX4moV,luicBR7G1s9lnT69IQNQwg,,,
p038dX3m,kBxWz8bQLF293PxYMwd5DA,,,
nkOvJ8OB,NHducBCtF5qnAUxj-EcZzQ,,,
0j3LeMor,NDRh7_J4si7Rf2lyAM-Lyg,,,
dj3ddg39,9A-kbuo1wtnORa7ExpyftA,,,
geEVldoz,6liJfRMPCjtlQ36xfQwlIQ,,,
N6Ok2Qox,wfR41dBsg0HKQcK_ZtxxqA,,,
rJoQ0a3V,cd2v1ZtxFdmF4jZOaI2Psg,,,
njoZ6Dor,8K7vd2rcCqrXmJmaypUsDA,,,
wmo7qbEq,_bubMp8wgz8k7VDqBrWZsQ,,,
geEVge3z,pgVmkWiE25H7gLpbcHL48w,,,
6VOpZ53L,KQxLB5FJFae7-u_ghxcUzw,,,
ekE4qL32,4g8XeSIRVx5r3lFg6ZSxMA,,,
NbE19kEJ,lqo-W8uVORjQTlMVKu5ESQ,,,
0ZEDdkED,AoUzIG7OSmon93v17f9pXg,,,
8x3zx2Ok,j8A7BA4Z982QTNJE8npfJA,,,
eVOB0r3j,Bfa-1AAWNjglTCAFyx3nmA,,,
8x3zWbok,1VbhklhCuIdRDNKPQij6ZA,,,
8gOqpro2,0vIFY6Fpk3tvAO9yeGuA8A,,,
6K3lXq3z,E7a1xGrudy9sPuCL2yNz8Q,,,
WeEen63a,K3Lp03fdjx-2zUKX74jDkw,,,
xWoYKEKn,1IjQFx0mt681qCxn9b5m9Q,,,
1m3MXnEB,dnBnK_PrkuJZNam8h3mAdQ,,,
1JEbvmER,I4Sm9AQlzjHUQKSABKX1oA,,,
xWoYGMEK,lqdO2r_Grja5bAqc1mNdVA,,,
eVOB8w3j,_JV6MA9fOXZnmTWS249-lA,,,
v5oJN8oB,KjDD8mCPWbPRNL7uyQoTzQ,,,
1m3MnDoB,uxPBwJMsb4XhWD8Mv0_9zg,7SRdt81e5Z9iaZG3Q5NK6Q,,
B1oX2QEV,hHSJ8IYHtGIdW5WzG7kKwg,,,
1m3MdkEB,6FY-ar6BhbJaBhkkOhp8bw,,,
xWoYwKEK,BDETa2KdRF8QfRQYDXyOhA,,,
7RO5WN3q,Kv5rm54HMssM_XgaQtyEuQ,,,
wmo7XGOq,jhYbLhs9A80Ac1-H08oOmA,,,
geEVABOz,d_NuE3iC42_9OnJ0-Anhrg,,,
nkOv2wOB,mRZcXZEzZXauGGy5QGk1Lw,,,
v5oJ2JoB,rm21iIE0pUXxLdX2aL2eMQ,,,
rNo6rqo6,iAh_8d_w6TSJq7jjnZCpgg,,,
Pk3w713d,mS7WBAfmCgILqSmQtgZ1NQ,,,
6Wo2d8E9,zd3ev8_ny7jUBLPXTFva6A,,,
8x3zYEkP,yJ5wUIAzZ8y7sSUWIuocXg,,,
lnOR6LON,P2AjS7UQpQoSdf5xdCYwtA,,,
1JEbJmER,jpqM6n6uTHikwnrI-s_nWg,,,
XJ3r6m3R,gx4YotASzaUwqJX7jpNSSg,,,
njoZdJEr,q1ZUKQze-Ukzl8_Stsoc1Q,,,
nkOvGMEB,1Wo383bQaaAb4K-4KVF47A,,,
v5oJ7AOB,lPFlAg5x3zINQvOd1neaXg,,,
6K3lQKoz,Lo6bxJHRzNPwc4W3LC61mQ,,,
ZBEnXKoY,ype2MD4FmCUnZNOBrbc2gA,,,
JBEyDVO8,lXH1eelqoZFNM3P6z7y_fQ,,,
JGoNyY3L,McUuCYkGVLKaaYBM7MoZHQ,,,
ydEj4VoW,Fz6dp2icegHtiWH3GRFkIQ,,,
njoZ1Q3r,LeUPTNMdwVJX6BgU2wFylw,,,
B1oXD1oV,0xvkZACuX_A2AxuT0ogoiQ,,,
WwOaAnOB,wNY3yauZisKkLlsnm8I87w,,,
B1oXJqEV,3EBoCkyuohytIdhQ8xIoqg,,,
wmo7a9Eq,2l9IwH0IlnYEDsE7RyDcww,,,
njoZ6vor,g4Cy2HtM8TmjLb1rNJ22bg,,,
NbE18OJ2,VAmFnJ3vQ8-Kuq0IFt_lcQ,,,
njoZnvor,xKkck-iopgF4xh2hxuQjfg,,,
V430rqOB,LhXvBAEjbawCS0--8FmgJQ,,,
6K3lB8Oz,4SAq2GHShUAXL1ZGAdlJPg,,,
WeEePVOa,By5OG5IXs8roHESNUghEFw,,,
Pk3wb5Ed,EZZ2Igl2IOdV3B1oBtMFhg,,,
Pk3wvaEd,D0jzt31IrnOgo6d9HcI2Ig,,,
rJoQ9loV,tkcP1tLiFTofPnniGWVEkA,,,
ZBEnW23Y,x54VSo0WyUqiIQz8FG7Bqg,,,
ekE4DKE2,54peQzYl3d1s2OE7seLchA,,,
8xExj9o0,CEPfq7aFVrlq2-FpoJk-Rg,,,
rJoQeAoV,gTY_0MAdk_D9in8eQ9UN9w,,,
Y1Em7Aow,kF6PpgHNjq-1iWx9pxbk6Q,,,
0j3LPj3r,QS6utEGx_dk4HeN3egYaZg,,,
KAoKk8og,nZYQd7OwG1eC1V18UzM-hA,,,
JGoNP6EL,rLhMycciwa4e_5EESXe7eg,,,
0j3LrDOr,3i-MJtKgMqtL5iw3IdViag,,,
9JoPAZO8,_4ALKwKMpahkROEI6aeX5A,,,
lnORgDEN,WGjzbVeGMz3D7LtVaoIk6g,,,
we39Rvok,7FGuuVAm7_XYrvJsWR3UHA,,,
ekE4bro2,ag1fnnEmc2yernTW2ur2eg,,,
0ZEDnpoD,iviRIv9trIc3wrjWGNI9nA,,,
1JEbVeER,qkamIpNwamA243AisifH7A,,,
xWoYdG3K,4CXhyAienxkRZpJR8EzOeA,,,
we395l3k,XXoWCKrtADrFfr1MoWl2dg,,,
NbE1YaEJ,hX6JXuGViy_OpMVm_RLuYg,,,
WeEeWdoa,BzfZhk0bNsxlvePK_cI6-w,,,
8KoAGYE6,xVperK2epRvgKRiDMwuxFQ,,,
KAoK8ZOg,jPHBisKhHsWOKrvUcoLK3A,,,
ZBEnzYEY,rwqRkZA_BKGfBeXpDlFv1Q,,,
njoZ0YEr,xLL45CNin1u5KJDxu74a6A,,,
njoZPyEr,V8kNogKCJfFz1G67QK237Q,,,
8KoAApo6,87p5WqH0EpEGronbEE3GaA,,,
eVOBxw3j,6mpkBdKIAtlF3dU0ypHzZA,,,
1JEbl1oR,U1U3DuvLbbhsezWZGZIWQA,,,
Pk3wVVEd,NjBjAYLPy8Msv6obCnBRmQ,,,
V430M7oB,tytCXbDsI5oCzAIiXSBUjA,,,
geEVdZoz,3TYwFeQYzRVBecTKuy4KQw,,,
JGoN8dEL,rjydSQZz6veQe7DE78ndCg,,,
6VOpWjoL,l_Q1vhHjpt1y36OHkC8__A,,,
1m3MyD3B,KbtYDp1F1zP7cpj8RWNRqA,,,
eVOBzpOj,jAjZ6CXLrXW30zXM3ZEjhg,,,
eVOB21Oj,1TlReKO-_ArpQKfNll7dcg,,,
qN3gb2EA,XDF6B4-JRaDHNpZMeBglNA,,,
Pk3wNKEd,nxO9wszgHgeGSsovau8qaA,,,
8x3zZz3k,LY9LXx9KkHZaLfVllJJOnQ,,,
8x3zmzEk,zPp2qbh9YNRAHPZlfgmgoQ,,,
KAoKdPOg,FoMKBYFlvXyfCCCrA6PiTg,,,
8x3zy2Ek,fmo3olCTOvxItjtdqZJMcQ,,,
1JEbBNER,TQv35vY7DCNAkJxv5eX7Cw,,,
lnORJLON,drZN6sfk9eGmyYon0PgfRA,,,
geEV4eoz,HQcUUv1qQvcW5w9LDqLZ2Q,,,
6VOpwdoL,QmPdjcEIWNG5WwxCOvHhhA,,,
0ZEDrGoD,GXxw6_0lf6LnzOq74a_f6Q,,,
WeEe0dOa,9BWzcoVUZYTEsWN90SYM2A,,,
qN3gyzOA,zWdvAAqxbFSJh0lSBRM2qA,,,
0ZEDqR3D,vvv99buP92L-7kn0w5pCwQ,,,
NbE1aNEJ,7cYYeyV6xWSLWWrCQP8-Vg,,,
qN3gAYOA,C_a6h-YdYPFDAX_3YJUTIA,,,
wmo70QOq,T-igaYma0IwoNWB4AROaCw,,,
njoZw1Or,Gs5dgjnT1-xnLRs8p9kOdg,,,
WwOaZpEB,-e1hToXSgHdoXfXl7PqvDg,,,
V430J2OB,2-f1XTaGHD4fB7iPE0iv_Q,,,
6VOpgQoL,328ogYgCXtrHhtyxwq5o0g,,,
ekE4xKE2,zrAj85BgwLS9XlJfGOVDxw,QVPh9WwQ4hDk9P-0YAQxjw,,
6Wo2r6o9,CKbW0-t452J6eQ92f2QSXw,,,
p038ADom,NId1VnhPqNUYamn4hzQn8Q,,,
lnOR9LoN,o7WxshNwT5EQ2xquAnF05A,,,
dj3dkXE9,M-QS0O8IPQXLZS593XhMiQ,,,
qN3g2YEA,IjMVt0Uw74WHJ-kAyx53ng,,,
B1oXw63V,fTOw39zSj2XTHdJ6A9eZvA,,,
dj3dDA39,enQKKwtA7LX2fjY0VptXYw,,,
xWoYzMOK,-5ieYfS-fjUyK93b6Vbv-Q,,,
N6OkQW3x,s4zJJMh2l7AHwmi5EPfU2g,,,
we39ZAok,SAyuXU4hbh5iLKHn824YZg,,,
rNo6yJ36,lDMs3Mfp45sSmiO0AluEaQ,,,
1m3MkLOB,DG9pVbQO1rBe2t-822C_Lw,,,
JGoNJBoL,894gMmumq6lHr1ItfpJsyw,,,
ekE4Rjo2,1OgNGxW6xsdvqNj8M_kEew,,,
6K3lygoz,XYUBM0o0eexu3b4QDwdrzg,,,
JBEyp1O8,fgCoS_bsOMQjiJLGHiTcjQ,,,
rJoQW9EV,Qv3tOOQENEYNz6yW4yDkDg,,,
0j3LnjOr,pIhAuty_qsf267mJ31iF0A,,,
v5oJvyoB,0WwF0kq44VCLidPWwSP-1w,,,
8gOqLAo2,O5_-ft9qddWju4Rw8I_GDQ,,,
8x3zx7Ok,QVWugnrvVnKkkORy_UVYzA,,,
1m3Mq63B,_fxbf-s2ZiP3zBUfDD3QHw,,,
we39p5Ek,U1Gp0I2z05HhapwnE2_8xg,W5Ba-NZ4l_dPxunrjEcV_Q,,
8KoAL536,opoQ-P6kHU2OA_olOC0N7Q,,,
rNo6RLo6,B496_p5zk99wSIhSzFPTKw,,,
v5oJk7OB,uOOZQplYyZrXxX__0N-QGg,,,
WwOaaNOB,gOTfQAb_vzpjMVdubAlPag,,,
m0oWjJ3G,FD5_4iNhSZ5SYVPG_9LL7g,,,
Pk3wZ5Ed,39WkQGdNFihEzGG6jB9yXg,,,
ZBEn7W3Y,cXZc0Imubyv9thWpHDbPLQ,,,
Y1EmaVEw,hr_YW6ukuK_xt2ogDlQKhA,,,
B1oXmqOV,0ugtTdUzPAevQMwmevEA6w,,,
wmo7mPEq,TjobeliPac51a_mBurCpqg,,,
lnORvnON,HIXW3yF1ZTX-Mw4XSirQTQ,,,
p038NDOm,z6O3xJWiZhBYF2xWrGAfYA,uN56bAp9_eRRum6JH6sEJQ,,
8KoA4536,7mYMIDf6nXTlJL-Y9RU7cg,,,
ydEjz7EW,q2KiLkAz5pEH1hZeoSADoQ,,,
N6Okam3x,Ya67rkFqA2RRs1Yrg3k1FQ,,,
we39kvOk,IIvEvcZnDQmuQxIM-IgJmQ,,,
6Wo2Jwo9,6qHthqBdH0bGnVVCDWgm6w,,,
p038g4Em,tSLzTbElXQ2izQrL_06T7w,,,
qN3gpYoA,u7iukmPhSUCXvb8m_7q6IQ,,,
JBEyamE8,lvQxem770fCSiow7tCsj0w,,,
ekE4Az32,SnSiMTLe-fkkrLgMff-tew,,,
m0oWmREG,j0UacgS3XTm7hyLBsxUv1w,,,
m0oWDJOG,hlQ_K1Xxl4nIZtJkAgsJcA,,,
6K3l6vOz,KQmfIjuFASdZriyUEIg-QA,,,
1JEbQYOR,ydp3VxbbWYXBoG-lVPqqrg,,,
rNo6lgE6,CwVaYZzY_yxgLzuXovlhUA,,,
7RO5QnOq,ulfEO0dS8XjZGN6kP0mlzg,,,
ekE4X0E2,5Vyc7V3xNv_z5fyk5KF0Qg,,,
WeEeDrOa,2FERaNNZ6pWI9j6xmEjsJw,,,
NbE1AyEJ,LMSEGpllTjJDtbaAaD5wfQ,,,
0j3Llq3r,g3IXx0gDkSI6gUW7OfLhAA,,,
WwOanJEB,s9QfbcJnTeHb0H2V7CIqxA,,,
dj3dgrE9,wnz7YZKkczZVP-z_X0tm5g,,,
p038m8om,NmZjrVUl4npKVHhOfe5U4w,,,
9JoPaeO8,wfbTZGw1bO_UKkn7V02WsA,,,
B1oXKN3V,MGp8f_l3OJolDeCHl41G1w,8Np6L_-hOiJQzTh7GAWzvw,,
wmo7JR3q,jIHAOUaIBx-1QFnpEO7vNA,,,
Pk3wz5Ed,nVTWSWpaH9CtVtIdJnVfdg,,,
9JoPdvo8,g9wJxsWK41Q-8Kz7-UlpJg,,,
8x3zwNok,nqN4ARbjTQbtGDyNP5F7vQ,,,
geEVYYOz,wQOa9ha4xpANpeMBFINyow,5Tluh4tTJvl7A-nI4a2oLw,,
WwOayBOB,Hdu-coBgv8GTw4VFiSUCJg,,,
9JoPKv38,qlnSRWk_s_G8vTSQxNJHnA,,,
8xExxnE0,B55pzEAeUirbaV5KliOSMw,,,
7RO5jNEq,hn4OTaNgoY4Qg9-K2_S0Pw,,,
V430x43B,XKXUXnvLNS7q8HVnLn8WfA,,,
8KoAeYo6,5gnmTucmD6g88NgqHbP_UA,,,
JGoNYa3L,YaBk55sk1Ra_v_21EsveJQ,,,
XJ3rRm3R,18JxcE3DarQ4kTW264A_nQ,,,
6K3l59oz,CD3SPV3sWoUyCbEuQSufBQ,,,
qN3glYoA,c7Re39vqxDM0IyZxADKziw,,,
Pk3wVEd9,zQBrXA_wxIruqcz_yVm34g,,,
1m3MpyEB,CQyKNvYkRe1dP2sLot3PKg,,,
0j3Lxq3r,7edNNM07UF2m2MDUu-ok9w,,,
geEVBJEz,EnZAwzChuQlKdINeEYnRPQ,,,
0j3LLx3r,4i7H2tz_6-oitoT_rKOhMQ,,,
V430A6oB,K5hiL1BPhw72K3v_MaYodw,,,
VpoGPPOr,PNMY69ox716miWqDbJV9kg,,,
V4305yoB,E5cwMKhluClrVQqWkssQlQ,,,
dj3dQao9,0uvgsJnwyCvNpjHOEYtlyQ,,,
0ZEDwlOD,c7-ectZHN0cyInSsftDpYw,,,
qN3gmJOA,8x5vbiCoHczcAvZyKSgP_Q,,,
Y1EmK7ow,lf1Pqo5puGX5SxU3bg389g,,,
ZBEnbpEY,-qILHmt96TAlWX3BvxSOmg,,,
geEVVdEz,icwb6x2qYwvCThJiQgp6pw,,,
1m3M1D3B,_uUQKa_9YY6w3df6PSt3vA,,,
6K3lMxoz,7-X2CRyUGA9XxwACmaqV9g,,,
ydEjx9oW,piuzhx2lXsY8gHAJD8BDXg,,,
1JEbamOR,URZKBn3NWOEKagmKMnMz_Q,,,
rNo6p0E6,KOxUiyQVj1oUaxQrmLVPng,,,
7RO5YrOq,gPZTaMVl7pXlQrOapqKF2g,,,
V4302yOB,T-dphsumixQUFY3XFuoDLw,,,
V430yAoB,pvFPFqiabQDwOifpu8KVhg,,,
Pk3wdDod,pWd61kOiDN_yNT5I045Fqw,,,
9JoPNvE8,gC2I6DmjFFC72vCtiwK-Lw,,,
8x3zgYok,jA4lcq72B8ZeRBpmOyxSwA,,,
JGoNr6oL,r35lmUyGq8hbQftMXYQNqg,pT5js1IihrEHupOBToJAIw,,
B1oXrqEV,RFXxCzrNRvrkvrg9Ic1opA,TYXCkY2RV3g_38RfOKAH3g,7D-fQPN5jea3d1yb83-ZSg,
lnOR8a3N,-Y2J9BERW9fgHyH3oiaLXQ,,,
9JoP50O8,7mSrfp2LZvZoWBDZ-JUc8Q,,,
XJ3rYpER,aC_LAt6Qypf06z5GkMa6Pw,,,
m0oW8gOG,rhf9bxO6kqJmnM9MdWPZvw,,,
lnORpe3N,v0L11_o6575jw7mIiLBUsw,,,
wmo7W2oq,rq1-JPZH2mxwKcNgI_45KA,,,
B1oXymOV,X9WNvsB0GV8WIWW1xaFnug,,,
rJoQVAOV,kiTwpc6b-3tmHdOIlSDkkw,,,
N6OkzKox,1Fmk8ORLVp0lWXndcjcKWA,,,
B1oX0moV,zWbCs5KyzuJjtCg-foIaKw,,,
N6Ok8QEx,fyhA8wd01lTgHR4OscNEDA,,,
6Wo2K6O9,9NcnRR8zb612h1EFmlGXlw,,,
WwOaMdOB,WWZ3EmOA4mkhrPkCvH6Ylg,,,
dj3dYgo9,3IrkCSQvjBclaIITP67ygA,,,
wmo7xbOq,ayGCFjq88qPg3XMYrmF9Lg,,,
XJ3r1bER,DWb0GIgS9SeB-0VtxGndLQ,,,
p0380g3m,duki4_P7a29yjhnX0SpJ-w,,,
8x3z47Ok,hLuQ1ulrNM_Pv6P5aMUoSw,,,
ydEjldoW,eBhOMstBTgGvJak8amU91g,,,
7RO5BWEq,ZdlKK4-ciK05kKChe5i_EA,,,
KAoKLjOg,lzw-5o3CjFk-HSmH8SHtYQ,,,
p038GaEm,HkeXuwA6aFdoDCXy2CNYdA,,,
8KoAN6O6,VPDPSyhHs7RVfVp81bltpw,,,
eVOB76Ej,fhaxO5_t488vEmwlESFjSQ,,,
8gOqdMo2,P6xxQO9ie7N6U5u3W6PRxA,,,
Pk3wpwod,OHznMGNdOI8WNI4ZdmkbEw,,,
rJoQK0EV,ZRBEG_p4q2BSb25TCSOj6Q,,,
6K3lKeEz,iEnw7P7Ri2gzYvgHaVGarQ,,,
wmo7bb3q,U3zVbpeLLwpA6KQdq1p9eA,,,
v5oJMA3B,jsY-Al2zy-u5HrouSAvibQ,,,
6Wo2xYE9,cczIQtKAsE4umPMBJm1uAA,,,
1JEbDQoR,PkGusZXzaZkZLTbFrdrJ5g,,,
ydEjnBEW,AUG7Vcgu6Rvtqv-ZMp0fKA,,,
rJoQRlOV,qNqgaVZG0_KJqH8kDWzD5w,,,
6K3lYqoz,PsbWEJrxMC9X_YFIG5r7bg,,,
dj3dm5o9,wJQZR1c8RFzleXcsMqbwtA,,,
B1oX7l3V,JsnSZplFB-jeccoBZu6J8g,,,
JGoNkOL2,HFka_ZRULESNykY8cr_3Qw,,,
lnORKGEN,utKIbMfKtwDBKZ22kDb7mw,,,
xWoYDr3K,ctTLR0OTJaRmjwvrMIU4Bw,,,
rNo6LXE6,iY2Jglsx3-5AcT1JIDdFhQ,,,
lnORVGON,QGjt4QMk1cFH7Q_0iHy43A,,,
wmo7pGOq,JJfRBKUSsWlcWEu3O5ZP2A,,,
8xExm730,5qtQ5sR69gbFWn5zMNI16g,,,
dj3dANo9,mFwIsaKcgaF4i7gK9TzPMw,,,
m0oWrz3G,pl2DbpUIWRcQaR5M6LlsFA,,,
geEVXYoz,wHKOzbn4ut-RLpj15PeH9w,,,
8gOq54O2,uH4FsF2-lx5h7u_sQRRzCw,,,
m0oWelEG,ebsnbpIuQAExpGRqNGB_TA,,,
KAoKWjog,DD_A7DaGDGEHJnw_KTMPKQ,,,
dj3dqNo9,rbwbKuVQ8brZ8uRWNCKcVA,,,
p038Qaom,yxYH8HmnWLmj2KS8PoGepA,,,
8KoAB4O6,K4DphkXQH3WKdOPW-NtyMA,,,
v5oJyJ3B,mKUfobD9rNpr16TM0mYFtw,,,
8KoAqpo6,jo0H97Q57t78hohGyqi8Zw,,,
JBEyeBE8,mqBvrapNt29hPJUMYEwHYw,,,
xWoY9KoK,EWLnEPHowyn7-Cc5UotQ8A,,,
p038p43m,vCIGsi10WCod3k7q8arXUw,,,
rNo6M636,ipoA0DYacS1gdtrmX5Y3Sg,,,
B1oXYDOV,NQfTzIYfW2GLoFE3U9qeng,,,
8x3z2Y3k,CwkbM0mm-42b2QlngkeoZQ,,,
KAoKRZ3g,6NdCv7cFeyGBwlt7HeG4bQ,,,
rJoQnlOV,lI6roNRyICm30NNt-by1Xg,,,
JGoNqk3L,n5Maq3tAmeZJ4M2xzHq2tA,,,
ydEjeOW0,mpZwecxIVSEroGOBRzs03w,,,
geEVyeOz,-lihzo94JzqEZH657M5Z2Q,,,
geEV6kEz,zkVvHgn_dLB9H5CrwKDHFA,,,
p038la3m,l_OBRYQWnicJ-g_NdukkFw,,,
we39Nvok,BnQGzViUKZ3R9gOmgZ2SMQ,,,
NbE1lzOJ,gV4LtUfvxYGUujICQBUtWQ,,,
7RO5A6Oq,PNMsKqQ_6s3KxkwXSBo32w,,,
V430e1oB,S0aKTXFtupXz-Qz_kkm8lw,,,
8xExRWo0,MTE7Q348eiZLlWBZ0QPLZg,,,
geEVVkEz,aLOdAtg7UAD3b-nYUUlJmA,,,
JGoN5k3L,5zBTq14fac-DwtSk4kzRaA,,,
m0oWRQ3G,motb5qtyxMdf3Us2bCMKxg,,,
nkOvQ8oB,llsceRviZlo9VtGAD4-Tjg,,,
xWoY5roK,RDCC1-6PTYpRgfYssrrwuA,,,
m0oWz13G,a-liz_Iq3H5S59d401WBgQ,,,
8gOqaeO2,VVoX-d2xPmlgNDkqXSZpOQ,,,
Pk3wkV3d,G3qC1ZqmG9AXttR7EhpHjg,,,
ekE4GjO2,TWZ4dON3T0rOA0Xtj0s3fA,wCLP-7DwIGiVomuAGowNGg,,
6K3lmKoz,0dzJ2ySpv8WJvo9BZN1Gww,,,
6Wo2wYO9,ZeCkOSciUFtpygxfgsl1Kw,,,
V430g1EB,N-iHTQLZwsgYv2gqWsr-yA,,,
nkOvll3B,wbIT9aCZl6EhNeaApWfGnQ,,,
6K3lb8Oz,VC4pzaVLwyZDIloWU1Qn7Q,,,
geEVK53z,4qyEKOiGwdL0KLtruwxZgw,,,
we39nrok,LJVn1GVW5uk954OEieUm9Q,,,
njoZeb3r,pTEiPUn_kzKOKvmTv0HVUw,,,
6K3lPk3z,8hRtFXPnaygXq42sEDRILw,,,
8x3zJL3k,mA_qHLy_P44oG-0eJJ0hiQ,,,
0j3L5aor,Rbuh-bvO_tSrRJ_y_mK06Q,,,
rJoQzAOV,58dpJYfKY8B-k727deh70A,,,
lnORGdEN,fkbNRwopmRaVyz3XhRRqPQ,,,
V4300A3B,5qThetpg3Lx26amBiXUFHg,,,
JGoNdWEL,FX8RGu4d3lEvqTIF-x8sNg,,,
WeEeM6Ea,dwSis21PV3KX3NI5zZZRMw,,,
8gOq9MO2,wFZ5e64vBqiYo36wAD7V3w,,,
B1oXG13V,zdTgqcFWiQqYrlHA2suK8g,,,
xWoYWMEK,V_dC05zzn5qtUiGVZJJe0w,,,
qN3gX1oA,n_O2vZVO8mSWa0eg9iYWDg,,,
V430b5OB,gAElJzHaHioi5pkBUlXm-Q,,,
rNo6XJE6,K1XHQ1E2VMh5JYh9VeUGZw,,,
m0oWgloG,5WD5TlUG4kOO3TDRb9FGMw,,,
nkOvXV3B,0LmVS_w6lGjSAg5HantnPg,,,
8xExX9E0,0ltmtm19LLJ9LZk2WUnL_g,,,
p038w8Em,IjkVs_wjdwdq2tUFcmwylw,,,
KAoKa9Eg,ApJykNr0XmUYAI_ajAghDQ,,,
7RO5ZNEq,wkPAcEwy6BIpZ5sWcD9kEQ,,,
0ZEDpRED,X4PNjSxhoTH0COCsVz6vMQ,,,
Y1Em1lEw,7LsVWbs7_JpQphH9ZItYqA,,,
VpoG57Er,StX5mAVHWw0hDR4Ohdl7WA,,,
8gOqn0E2,ddiN1Nhd0p2AXeXHFZW9-A,,,
NbE1zP3J,ULWsgRyYEgxFKaj_zsaUQA,,,
p038eeom,a3kLXwhL6zkrhJ7cvVdp7Q,,,
dj3dGgE9,Jot9pdF1qvE2eWio3fMndw,,,
nkOvqXoB,oD_A8YwmWY-lLf60zGFaTA,,,
nkOvmLoB,YPYccrp9dnwNvsHEN--WeQ,,,
JGoN9b3L,u2GLLnvOylWOm5_ba8Vt6w,,,
VpoGNA3r,e9D71OcCdyAEfsM9UUt5sw,,,
B1oXxQoV,cGW9ozva0PMGlIBX5nGd1A,,,
6VOpeBEL,XVEoI_bylN1kpcfpZIuPpA,,,
ydEjvBEW,Ok12c5f-yCfZlTjEzaQEWQ,,,
JGoNvboL,Y1GOJFwTqgzvyEWn94tm_w,,,
dj3d0r39,9Kk1hcu8DJHOnUvYpxz42g,,,
V430WbEB,YWjwL5WtUKK7-KsWBCSxmA,,,
dj3dWAE9,3hq5U9wrBwRHqjDD6gqzkA,,,
6K3lb9Oz,jJcz9o96KKMQZ3Y1fkkVtw,,,
6VOpGaoL,E_zpIQgy_ptAGVQdsvKVyw,,,
1m3MP6EB,2NIljVaGuYAVqVL4exbpsg,,,
8gOqg532,Ljbj5iFTxWqNlza8obr-lQ,,,
6Wo21539,26hwmO71xQ7cvMqaVL_Yzg,,,
qN3gZBEA,BC_Vta1dTN3uyaoOZFNfwQ,,,
0j3LZNOr,iLs-dyO-eKR00UuPs24U1g,,,
8KoAmQo6,obWImSrKrREGpDtlTBFCEA,,,
Pk3wqwOd,hFIy3yBzhQG522WLP5Lydg,,,
6K3lwvEz,1Z3Lep1hQTSnrIWFWnxalQ,,,
dj3dJLO9,Jn4AdaLDmXwpEundLuBrDg,,,
B1oXaYOV,iDnJabB5LeYpjRzralxWVA,,,
dj3d7aE9,XzoBM_4S8SuRZIlbK4iM2A,,,
geEVQVOz,tTgv5WXJixL0Wiiwajb9AQ,,,
NbE1V83J,eS1fo66zlqQutUmV55hP5w,,,
v5oJP1EB,v5Gmy1xXDzkPyvyrR-_Cgw,,,
wmo7MQEq,w0nUiobd7OYlfbtZd0JnrQ,,,
njoZqQ3r,RIA53yIPQ2H0QtiLXrEK4A,,,
8xEx5V30,e6Ha7GRWIug6pKEQVEtPJA,,,
m0oWxROG,-DjtI8wyS83kkwwuPqKBpg,,,
B1oXWY3V,V6TQmB1S4UWl3S49w2l3OA,JQ20SEk7zxRD66DxLNp4RQ,,
ekE4Mr32,lQd-jgg81pqpvOvtyfGCbg,,,
VpoGJQ3r,1C7d75slQFzLD6c3t6X2MA,,,
qN3g4JoA,gLt6OChWAGpYAZM7tQyxfQ,,,
1JEb713R,pYnL_pdUTwzU0Ig8kBFf-g,,,
rNo6KgO6,IAqLUvN5Z51StWA6kMRhbw,,,
rJoQmroV,CHbUJhRrN1ub2TsxM0bk3w,,,
wmo7D7Oq,ZTE0lCd-uWQmai6Fmb1bcA,,,
B1oXK63V,Yr6MfRcRD4TRzt2i1wzDRA,,,
geEVxVoz,4dnWjKCoJO8i7fLo5SHx2w,,,
8gOqM0O2,pVeoPSVEx8BdPIoy_p2ifg,,,
ZBEn5vOY,mBaXdnKctIPuGMvV6e6TmQ,ugkfexVnB5SiX47xX6zA1g,,
lnORaqoN,nYBrrU9LVLTUhZP1SDc1Bg,,,
njoZl1Er,uHQP7DdshtLLp7Y2_fxNFw,,,
WeEegaoa,t9FBLg4NlpWsrY_RTb-sVw,,,
N6OkBmox,hNI-F08R8RclvVl9kxBLTQ,,,
WwOaB0EB,JmRzn2nwZSzb0UmVK7w2cA,,,
6VOpaBEL,ZHldCmRAqquEHpTvaPjEBA,,,
9JoP7j38,VlPH-xjx-71fyiyqUWr9UQ,FHT2xmNFrUU9WQszWhpCpw,,
ZBEnDYoY,9gSdXB25LMDOiuRZQChQQA,,,
WwOa10OB,Z1k2wEK6eo33g9iXqZgbdg,,,
Y1EmanEw,DsElinWYUNY_gMkqs0VijA,,,
1JEbyMOR,32ku0SbsU751U-BryExoiw,,,
XJ3r2Q3R,keyG2tM_nPXxK3sXRhaTTA,,,
rJoQ1GoV,Vrm_s01VdNjqsBXpqTwp5w,,,
B1oXQOVX,Smt3mK--STiLpY9Fz81LwQ,,,
dj3dGjE9,7sFcxaqbZOSAzH0yoFN82A,,,
rJoQ59oV,1-JTRkgUkrgjSH4Z6iEcUQ,,,
0ZEDGWOD,K9XTvGo_E5DVqenXI_-YCA,,,
0ZEDWxOD,EH1fEgcMUU7LnEEr5-ngog,,,
8x3zgZok,TTBNnwPj2t_H6cqphx46EQ,,,
Pk3w4wod,_R6dKTZ0Qh4KvGaXfUquzg,,,
p038lg3m,8ZqN_t0r8YfU6UFuIdIumA,,,
1m3M9k3B,UdcgXheLwaB3MTOXZ62Ylg,,,
njoZWJOr,7wGeC1Vx1_G2n-m2kzdVJw,,,
KAoK693g,afzf__m7yxxqEcSaAco67g,,,
N6OkNgox,aM5prk3lBL6MY8iyLQYS6Q,,,
6K3lJeOz,-87w2W8Kn50YF3lRjJI3fA,,,
wmo74GOq,4f40KBebUwWDvQzDkFXStA,,,
XJ3rqqER,SutpbPf_TFbhemSKmkxS3A,,,
N6OkMX3x,wTKE_cFzDByGJEqei4QaKA,,,
ZBEnraEY,jCr01sqX_lFtRx6plnawAw,,,
lnOR16oN,1xGthL2DMErJCU1ZPMmCdQ,,,
WwOa0poB,TMHwV95TgETml7cA7Y0dkQ,,,
njoZAb3r,qgQiTabytNfXNEPau52lFA,,,
XJ3rGJoR,s1KXk0Dya4a86jE0OSTkug,,,
1JEbP4oR,1EjS_EEJ1iFMMZrt6FVXQQ,,,
ydEjrDEW,DcG1UsUp6CyrWht4hRf8Hg,,,
1m3MNpoB,d7h4g-x-t1GtJJsC8mWsxg,,,
XJ3rr83R,JZWWu6WP1aSI89pj3PF7IA,,,
8KoAZaO6,ZEHJbO1KrmX-nS1NGVh3yg,,,
we39JNok,zGIWCKKs0_3DtfEyRDeqKQ,,,
0ZEDlBED,UCpWo-5mkHByO608JWEelA,,,
eVOBZ6Oj,logQwB9Pe0dNCGnteiD3DA,,,
njoZJbor,z5rpQwZ6QKVdohP6pqOxmg,,,
KAoKgBog,08mvggDYjaIJV0xyBLFRcA,,,
v5oJLjEB,u-MpfIKiRT4yALrvX2G2qQ,,,
Y1EmAWEw,fr2rdXAXq9NnAphpbPNELA,,,
geEVeBOz,s4vylCWBTcThP8zHxsKD7Q,,,
Y1Em8ROw,IRWct_HhKx5jmibgNMl60w,,,
8KoAXp36,IxPuvyrdYSNZXEubOqGODQ,,,
Pk3wmwOd,oMoP5SxJX9A1aAwHo6_rAQ,,,
NbE1kmoJ,n3ujbQaO2hyuIBs4DO9AaQ,,,
rNo69l36,1c4rQB7HtPwoiZcK3sEg-A,,,
ekE4vNo2,QtJpHM3jB0tw61-pp9J-Xw,,,
we39WAOk,xnm3r6xT4HejdHjy3hpI0Q,,,
8gOqVrE2,TTu0AwKiWO65Y3KDj-S_cw,,,
JGoNjgoL,ZyWAYON6Xvz_H509S4TTRQ,,,
qN3g7M3A,1ucffnrUuwT0fh-B5ZjJWA,,,
dj3dPN39,itJ3yMqVrHvNtZHVOzyiJg,,,
v5oJn1oB,j4RUjBJnIvqsMvHWxi0atg,,,
dj3djjO9,Rv4J0j7C5JDFEqkfEVTKIw,,,
lnORnVON,b14Gcjsrb49k0za1peMM9g,,,
v5oJddEB,6QAUzZxT6NMdyNZQLsTsAA,,,
ydEjw23W,0ESsrwWao18zBQvwdGCBLA,,,
8gOqq1O2,l7zt91iNV_HwCI47O1WNOQ,,,
JGoNm83L,pfnU9nNA3GMmZA49IeHAPw,,,
Pk3wVaEd,PlS5X1q2zLIyfWX2tuEGrw,,,
0ZEDPkED,0e2AtRg5_hdfN8sYHGfaog,,,
8xEx44E0,EQdxwZ5QaATWcUpJ34DXmA,,,
8gOqm5O2,-GS641QbEorRiNxdgrM15w,,,
JBEy2B38,xhZt7ss8PMOFo9mCz9sSeQ,,,
ekE41G32,x4vDzFOR1bB1q4LCekkUwg,,,
8x3zKQok,86P32yiy7TAeigbfPMinXw,R3xeoi1FOkN9Z3FVRISjSw,,
m0oWQPEG,N8vuTtJ5k3ysPhV8prPU_g,,,
dj3d5Xo9,d6EcQ_zLp2vEgHriQTOmRg,,,
Y1EmLmOw,7wQhheZPcC6OpcxLa4hdFQ,,,
XJ3r7RoR,ngkMvVSp3V1L0zj2WgtOdA,,,
8xExP9E0,4-s17wi0oQb7-dZsN27UQA,,,
geEVLzoz,llEai9ovDjGfn2i9DwExjQ,,,
nkOv0X3B,n7jOXZwKBxlSRsbzFnHsRw,,,
6K3l4x3z,HwYVMwDJ0V6hjgn-FqQiPg,,,
we39PREk,Delv3as26L3B43H2MTaz3w,,,
6VOp7qoL,YrR-gTtLTyjaPTyLPWXGQg,,,
we39LrEk,Me_gPehkPj9iO1SNLF0Ycw,,,
1JEbAeOR,ZpS_pBPRdq_IWTzFDMMWyg,,,
0j3LXM3r,5Qr4BFvcQ_foKIFnevrbNQ,,,
Y1EmkAow,-kVmCsQPQopbrIE_vUaU_Q,,,
dj3deXo9,qJWg9peBBdcUhuVY49eDPg,,,
VpoGe9Er,GG8A2uzDj9at9oMhyjkXEQ,,,
rJoQrqOV,3NnLhbpDThsqnGivlCC1ig,,,
0ZEDm73D,MNDAsIPlo2EllYLYl8VWVA,79NxoobpO3DYOcrOxZdyTw,,
1m3MQn3B,sA4tF66AmXCLLtXvBXg-kA,,,
rJoQJLOV,jxB643lbsdsAdVW_K3xMsQ,,,
ekE4jGo2,Cwv4bec_2BomMIzajSoO7Q,,,
ekE4K6O2,M08ZeFcfxfP7jRu38NR50w,,,
p038vaOm,G53MBrark2Tuhc8YdO3kSg,,,
B1oX5dOV,-X_QXpH_xHs8CxqbSjUsIg,,,
8KoAl436,PNSYpv5hzcmVML-i_ijBZQ,,,
ydEjDdoW,OE_VB4NG6zrO9XKmsTYeUA,,,
ZBEnkv3Y,I_Pvo2WToqR1JlDAzfnvmg,,,
ydEja1OW,HRcjd27Ci2f_oA5NsywbpQ,,,
geEVGZ3z,-avAdTfwZSbXWNKqQ3WBgA,,,
1m3MlLEB,KhRkU6UbdilNsOJVwO_BQw,,,
N6Ok0qEx,GOGGEPr8DoNnEk5UqHRplw,,,
1m3MgZOB,_ZUiYWccbaGCNgC7irT2Jw,,,
v5oJ5r3B,IS5beEITBqhsfLiEinOvSQ,,,
WwOavVEB,SZ6JsVeCW2srYJrU1i1zIw,,,
N6Ok6Wox,WjKM25UWv6BfR9xrx_hciQ,sZdUTncIVZCIRrN_9343Xg,,
lnORw6EN,Lg3uh8SzuEqCvoxXbG_6Rw,,,
WeEe2m3a,4FfbH_ZY7b3GvqtnlTSfNQ,,,
